offizieller_gemeindename,kanton,bfs_nr
Aadorf,Kanton Thurgau TG,4551
Aarau,Kanton Aargau AG,4001
Aarberg,Kanton Bern BE,301
Aarburg,Kanton Aargau AG,4271
Aarwangen,Kanton Bern BE,321
Abtwil,Kanton Aargau AG,4221
Aclens,Kanton Waadt VD,5621
Acquarossa,Kanton Tessin TI,5048
Adelboden,Kanton Bern BE,561
Adligenswil,Kanton Luzern LU,1051
Adliswil,Kanton Zürich ZH,131
Aedermannsdorf,Kanton Solothurn SO,2421
Aefligen,Kanton Bern BE,401
Aegerten,Kanton Bern BE,731
Aesch (BL),Kanton Basel-Landschaft BL,2761
Aesch (LU),Kanton Luzern LU,1021
Aesch (ZH),Kanton Zürich ZH,241
Aeschi (SO),Kanton Solothurn SO,2511
Aeschi bei Spiez,Kanton Bern BE,562
Aeugst am Albis,Kanton Zürich ZH,1
Affeltrangen,Kanton Thurgau TG,4711
Affoltern am Albis,Kanton Zürich ZH,2
Affoltern im Emmental,Kanton Bern BE,951
Agarn,Kanton Wallis VS,6101
Agiez,Kanton Waadt VD,5742
Agno,Kanton Tessin TI,5141
Aigle,Kanton Waadt VD,5401
Aire-la-Ville,Kanton Genf GE,6601
Airolo,Kanton Tessin TI,5061
Alberswil,Kanton Luzern LU,1121
Albinen,Kanton Wallis VS,6102
Albula/Alvra,Kanton Graubünden GR,3542
Alchenstorf,Kanton Bern BE,402
Allaman,Kanton Waadt VD,5851
Alle,Kanton Jura JU,6771
Allmendingen,Kanton Bern BE,630
Allschwil,Kanton Basel-Landschaft BL,2762
Alpnach,Kanton Obwalden OW,1401
Alpthal,Kanton Schwyz SZ,1361
Altbüron,Kanton Luzern LU,1122
Altdorf (UR),Kanton Uri UR,1201
Altendorf,Kanton Schwyz SZ,1341
Altikon,Kanton Zürich ZH,211
Altishofen,Kanton Luzern LU,1123
Altnau,Kanton Thurgau TG,4641
Alto Malcantone,Kanton Tessin TI,5237
Altstätten,Kanton St. Gallen SG,3251
Amden,Kanton St. Gallen SG,3311
Amlikon-Bissegg,Kanton Thurgau TG,4881
Ammerswil,Kanton Aargau AG,4191
Amriswil,Kanton Thurgau TG,4461
Amsoldingen,Kanton Bern BE,921
Andeer,Kanton Graubünden GR,3701
Andelfingen,Kanton Zürich ZH,30
Andermatt,Kanton Uri UR,1202
Andwil (SG),Kanton St. Gallen SG,3441
Anières,Kanton Genf GE,6602
Anniviers,Kanton Wallis VS,6252
Anwil,Kanton Basel-Landschaft BL,2841
Appenzell,Kanton Appenzell Innerrhoden AI,3101
Aranno,Kanton Tessin TI,5143
Arbaz,Kanton Wallis VS,6261
Arbedo-Castione,Kanton Tessin TI,5001
Arboldswil,Kanton Basel-Landschaft BL,2881
Arbon,Kanton Thurgau TG,4401
Arch,Kanton Bern BE,381
Ardon,Kanton Wallis VS,6021
Arisdorf,Kanton Basel-Landschaft BL,2821
Aristau,Kanton Aargau AG,4222
Arlesheim,Kanton Basel-Landschaft BL,2763
Arnex-sur-Nyon,Kanton Waadt VD,5701
Arnex-sur-Orbe,Kanton Waadt VD,5743
Arni (AG),Kanton Aargau AG,4061
Arni (BE),Kanton Bern BE,602
Arogno,Kanton Tessin TI,5144
Arosa,Kanton Graubünden GR,3921
Arth,Kanton Schwyz SZ,1362
Arzier-Le Muids,Kanton Waadt VD,5702
Ascona,Kanton Tessin TI,5091
Assens,Kanton Waadt VD,5511
Astano,Kanton Tessin TI,5146
Attalens,Kanton Freiburg FR,2321
Attinghausen,Kanton Uri UR,1203
Attiswil,Kanton Bern BE,971
Au (SG),Kanton St. Gallen SG,3231
Aubonne,Kanton Waadt VD,5422
Auboranges,Kanton Freiburg FR,2061
Auenstein,Kanton Aargau AG,4091
Augst,Kanton Basel-Landschaft BL,2822
Ausserberg,Kanton Wallis VS,6191
Auswil,Kanton Bern BE,322
Autigny,Kanton Freiburg FR,2173
Auw,Kanton Aargau AG,4223
Avegno Gordevio,Kanton Tessin TI,5324
Avenches,Kanton Waadt VD,5451
Avers,Kanton Graubünden GR,3681
Avry,Kanton Freiburg FR,2174
Avully,Kanton Genf GE,6603
Avusy,Kanton Genf GE,6604
Ayent,Kanton Wallis VS,6082
Baar,Kanton Zug ZG,1701
Bachenbülach,Kanton Zürich ZH,51
Bachs,Kanton Zürich ZH,81
Bad Ragaz,Kanton St. Gallen SG,3291
Baden,Kanton Aargau AG,4021
Balerna,Kanton Tessin TI,5242
Balgach,Kanton St. Gallen SG,3232
Ballaigues,Kanton Waadt VD,5744
Ballens,Kanton Waadt VD,5423
Ballwil,Kanton Luzern LU,1023
Balm bei Günsberg,Kanton Solothurn SO,2541
Balsthal,Kanton Solothurn SO,2422
Baltschieder,Kanton Wallis VS,6281
Bannwil,Kanton Bern BE,323
Bardonnex,Kanton Genf GE,6605
Bäretswil,Kanton Zürich ZH,111
Bargen (BE),Kanton Bern BE,302
Bargen (SH),Kanton Schaffhausen SH,2931
Bäriswil,Kanton Bern BE,403
Bärschwil,Kanton Solothurn SO,2611
Basadingen-Schlattingen,Kanton Thurgau TG,4536
Basel,Kanton Basel-Stadt BS,2701
Bas-Intyamon,Kanton Freiburg FR,2162
Basse-Allaine,Kanton Jura JU,6807
Bassersdorf,Kanton Zürich ZH,52
Bassins,Kanton Waadt VD,5703
Bätterkinden,Kanton Bern BE,533
Bättwil,Kanton Solothurn SO,2471
Baulmes,Kanton Waadt VD,5745
Bauma,Kanton Zürich ZH,297
Bavois,Kanton Waadt VD,5746
Beatenberg,Kanton Bern BE,571
Beckenried,Kanton Nidwalden NW,1501
Bedano,Kanton Tessin TI,5148
Bedigliora,Kanton Tessin TI,5149
Bedretto,Kanton Tessin TI,5063
Beggingen,Kanton Schaffhausen SH,2951
Begnins,Kanton Waadt VD,5704
Beinwil (Freiamt),Kanton Aargau AG,4224
Beinwil (SO),Kanton Solothurn SO,2612
Beinwil am See,Kanton Aargau AG,4131
Belfaux,Kanton Freiburg FR,2175
Bellach,Kanton Solothurn SO,2542
Bellevue,Kanton Genf GE,6606
Bellikon,Kanton Aargau AG,4022
Bellinzona,Kanton Tessin TI,5002
Bellmund,Kanton Bern BE,732
Bellwald,Kanton Wallis VS,6052
Belmont-Broye,Kanton Freiburg FR,2053
Belmont-sur-Lausanne,Kanton Waadt VD,5581
Belmont-sur-Yverdon,Kanton Waadt VD,5902
Belp,Kanton Bern BE,861
Belprahon,Kanton Bern BE,681
Benken (SG),Kanton St. Gallen SG,3312
Benken (ZH),Kanton Zürich ZH,22
Bennwil,Kanton Basel-Landschaft BL,2882
Bercher,Kanton Waadt VD,5512
Berg (SG),Kanton St. Gallen SG,3211
Berg (TG),Kanton Thurgau TG,4891
Berg am Irchel,Kanton Zürich ZH,23
Bergdietikon,Kanton Aargau AG,4023
Bergün Filisur,Kanton Graubünden GR,3544
Berikon,Kanton Aargau AG,4062
Beringen,Kanton Schaffhausen SH,2932
Berken,Kanton Bern BE,972
Berlingen,Kanton Thurgau TG,4801
Bern,Kanton Bern BE,351
Berneck,Kanton St. Gallen SG,3233
Bernex,Kanton Genf GE,6607
Berolle,Kanton Waadt VD,5424
Beromünster,Kanton Luzern LU,1081
Besenbüren,Kanton Aargau AG,4226
Bettenhausen,Kanton Bern BE,973
Bettens,Kanton Waadt VD,5471
Bettingen,Kanton Basel-Stadt BS,2702
Bettlach,Kanton Solothurn SO,2543
Bettmeralp,Kanton Wallis VS,6205
Bettwiesen,Kanton Thurgau TG,4716
Bettwil,Kanton Aargau AG,4227
Beurnevésin,Kanton Jura JU,6773
Bever,Kanton Graubünden GR,3781
Bex,Kanton Waadt VD,5402
Biasca,Kanton Tessin TI,5281
Biberist,Kanton Solothurn SO,2513
Biberstein,Kanton Aargau AG,4002
Bichelsee-Balterswil,Kanton Thurgau TG,4721
Biel/Bienne,Kanton Bern BE,371
Biel-Benken,Kanton Basel-Landschaft BL,2764
Bière,Kanton Waadt VD,5425
Biezwil,Kanton Solothurn SO,2445
Biglen,Kanton Bern BE,603
Billens-Hennens,Kanton Freiburg FR,2063
Binn,Kanton Wallis VS,6054
Binningen,Kanton Basel-Landschaft BL,2765
Bioggio,Kanton Tessin TI,5151
Bioley-Magnoux,Kanton Waadt VD,5903
Birmensdorf (ZH),Kanton Zürich ZH,242
Birmenstorf (AG),Kanton Aargau AG,4024
Birr,Kanton Aargau AG,4092
Birrhard,Kanton Aargau AG,4093
Birrwil,Kanton Aargau AG,4132
Birsfelden,Kanton Basel-Landschaft BL,2766
Birwinken,Kanton Thurgau TG,4901
Bischofszell,Kanton Thurgau TG,4471
Bissone,Kanton Tessin TI,5154
Bister,Kanton Wallis VS,6172
Bitsch,Kanton Wallis VS,6173
Blatten,Kanton Wallis VS,6192
Blauen,Kanton Basel-Landschaft BL,2781
Bleienbach,Kanton Bern BE,324
Blenio,Kanton Tessin TI,5049
Blonay – Saint-Légier,Kanton Waadt VD,5892
Blumenstein,Kanton Bern BE,922
Böckten,Kanton Basel-Landschaft BL,2842
Bodio,Kanton Tessin TI,5064
Boécourt,Kanton Jura JU,6702
Bofflens,Kanton Waadt VD,5747
Bogis-Bossey,Kanton Waadt VD,5705
Bois-d’Amont,Kanton Freiburg FR,2238
Bolken,Kanton Solothurn SO,2514
Bolligen,Kanton Bern BE,352
Boltigen,Kanton Bern BE,791
Bonaduz,Kanton Graubünden GR,3721
Boncourt,Kanton Jura JU,6774
Bonfol,Kanton Jura JU,6775
Bönigen,Kanton Bern BE,572
Boningen,Kanton Solothurn SO,2571
Boniswil,Kanton Aargau AG,4192
Bonstetten,Kanton Zürich ZH,3
Bonvillars,Kanton Waadt VD,5551
Boppelsen,Kanton Zürich ZH,82
Borex,Kanton Waadt VD,5706
Bosco/Gurin,Kanton Tessin TI,5304
Bösingen,Kanton Freiburg FR,2295
Bossonnens,Kanton Freiburg FR,2323
Boswil,Kanton Aargau AG,4228
Bottens,Kanton Waadt VD,5514
Bottenwil,Kanton Aargau AG,4273
Botterens,Kanton Freiburg FR,2123
Bottighofen,Kanton Thurgau TG,4643
Bottmingen,Kanton Basel-Landschaft BL,2767
Böttstein,Kanton Aargau AG,4303
Boudry,Kanton Neuenburg NE,6404
Bougy-Villars,Kanton Waadt VD,5426
Boulens,Kanton Waadt VD,5661
Bourg-en-Lavaux,Kanton Waadt VD,5613
Bourg-Saint-Pierre,Kanton Wallis VS,6032
Bournens,Kanton Waadt VD,5472
Bourrignon,Kanton Jura JU,6703
Boussens,Kanton Waadt VD,5473
Bovernier,Kanton Wallis VS,6131
Bowil,Kanton Bern BE,605
Bözberg,Kanton Aargau AG,4124
Böztal,Kanton Aargau AG,4185
Braunau,Kanton Thurgau TG,4723
Bregaglia,Kanton Graubünden GR,3792
Breggia,Kanton Tessin TI,5269
Breil/Brigels,Kanton Graubünden GR,3981
Breitenbach,Kanton Solothurn SO,2613
Bremblens,Kanton Waadt VD,5622
Bremgarten (AG),Kanton Aargau AG,4063
Bremgarten bei Bern,Kanton Bern BE,353
Brenzikofen,Kanton Bern BE,606
Bretigny-sur-Morrens,Kanton Waadt VD,5515
Bretonnières,Kanton Waadt VD,5748
Bretzwil,Kanton Basel-Landschaft BL,2883
Brienz (BE),Kanton Bern BE,573
Brienzwiler,Kanton Bern BE,574
Brig-Glis,Kanton Wallis VS,6002
Brione sopra Minusio,Kanton Tessin TI,5096
Brislach,Kanton Basel-Landschaft BL,2782
Brissago,Kanton Tessin TI,5097
Brittnau,Kanton Aargau AG,4274
Broc,Kanton Freiburg FR,2124
Brot-Plamboz,Kanton Neuenburg NE,6433
Brugg,Kanton Aargau AG,4095
Brügg,Kanton Bern BE,733
Brunegg,Kanton Aargau AG,4193
Brünisried,Kanton Freiburg FR,2292
Brusino Arsizio,Kanton Tessin TI,5160
Brusio,Kanton Graubünden GR,3551
Brüttelen,Kanton Bern BE,491
Brütten,Kanton Zürich ZH,213
Bubendorf,Kanton Basel-Landschaft BL,2823
Bubikon,Kanton Zürich ZH,112
Buch (SH),Kanton Schaffhausen SH,2961
Buch am Irchel,Kanton Zürich ZH,24
Buchberg,Kanton Schaffhausen SH,2933
Buchegg,Kanton Solothurn SO,2465
Buchholterberg,Kanton Bern BE,923
Buchillon,Kanton Waadt VD,5623
Buchrain,Kanton Luzern LU,1052
Buchs (AG),Kanton Aargau AG,4003
Buchs (SG),Kanton St. Gallen SG,3271
Buchs (ZH),Kanton Zürich ZH,83
Buckten,Kanton Basel-Landschaft BL,2843
Büetigen,Kanton Bern BE,382
Bühl,Kanton Bern BE,734
Bühler,Kanton Appenzell Ausserrhoden AR,3021
Bülach,Kanton Zürich ZH,53
Bulle,Kanton Freiburg FR,2125
Bullet,Kanton Waadt VD,5552
Bünzen,Kanton Aargau AG,4229
Buochs,Kanton Nidwalden NW,1502
Bürchen,Kanton Wallis VS,6193
Bure,Kanton Jura JU,6778
Büren (SO),Kanton Solothurn SO,2472
Büren an der Aare,Kanton Bern BE,383
Burg im Leimental,Kanton Basel-Landschaft BL,2783
Burgdorf,Kanton Bern BE,404
Burgistein,Kanton Bern BE,863
Bürglen (TG),Kanton Thurgau TG,4911
Bürglen (UR),Kanton Uri UR,1205
Büron,Kanton Luzern LU,1082
Bursinel,Kanton Waadt VD,5852
Bursins,Kanton Waadt VD,5853
Burtigny,Kanton Waadt VD,5854
Buseno,Kanton Graubünden GR,3804
Büsserach,Kanton Solothurn SO,2614
Bussigny,Kanton Waadt VD,5624
Bussnang,Kanton Thurgau TG,4921
Busswil bei Melchnau,Kanton Bern BE,325
Bussy-sur-Moudon,Kanton Waadt VD,5663
Bütschwil-Ganterschwil,Kanton St. Gallen SG,3395
Büttenhardt,Kanton Schaffhausen SH,2914
Büttikon,Kanton Aargau AG,4064
Buttisholz,Kanton Luzern LU,1083
Buttwil,Kanton Aargau AG,4230
Buus,Kanton Basel-Landschaft BL,2844
Cademario,Kanton Tessin TI,5161
Cadempino,Kanton Tessin TI,5162
Cadenazzo,Kanton Tessin TI,5003
Calanca,Kanton Graubünden GR,3837
Cama,Kanton Graubünden GR,3831
Campo (Vallemaggia),Kanton Tessin TI,5307
Canobbio,Kanton Tessin TI,5167
Capriasca,Kanton Tessin TI,5226
Carouge (GE),Kanton Genf GE,6608
Cartigny,Kanton Genf GE,6609
Caslano,Kanton Tessin TI,5171
Castaneda,Kanton Graubünden GR,3805
Castel San Pietro,Kanton Tessin TI,5249
Cazis,Kanton Graubünden GR,3661
Celerina/Schlarigna,Kanton Graubünden GR,3782
Céligny,Kanton Genf GE,6610
Centovalli,Kanton Tessin TI,5397
Cerentino,Kanton Tessin TI,5309
Cevio,Kanton Tessin TI,5310
Chalais,Kanton Wallis VS,6232
Cham,Kanton Zug ZG,1702
Chamblon,Kanton Waadt VD,5904
Chamoson,Kanton Wallis VS,6022
Champagne,Kanton Waadt VD,5553
Champéry,Kanton Wallis VS,6151
Champoz,Kanton Bern BE,683
Champtauroz,Kanton Waadt VD,5812
Champvent,Kanton Waadt VD,5905
Chancy,Kanton Genf GE,6611
Chapelle (Glâne),Kanton Freiburg FR,2066
Chardonne,Kanton Waadt VD,5882
Château-d’Oex,Kanton Waadt VD,5841
Châtel-Saint-Denis,Kanton Freiburg FR,2325
Châtel-sur-Montsalvens,Kanton Freiburg FR,2128
Châtillon (FR),Kanton Freiburg FR,2008
Châtillon (JU),Kanton Jura JU,6704
Châtonnaye,Kanton Freiburg FR,2068
Chavannes-de-Bogis,Kanton Waadt VD,5707
Chavannes-des-Bois,Kanton Waadt VD,5708
Chavannes-le-Chêne,Kanton Waadt VD,5907
Chavannes-le-Veyron,Kanton Waadt VD,5475
Chavannes-près-Renens,Kanton Waadt VD,5627
Chavannes-sur-Moudon,Kanton Waadt VD,5665
Chavornay,Kanton Waadt VD,5749
Chêne-Bougeries,Kanton Genf GE,6612
Chêne-Bourg,Kanton Genf GE,6613
Chénens,Kanton Freiburg FR,2177
Chêne-Pâquier,Kanton Waadt VD,5908
Cheseaux-Noréaz,Kanton Waadt VD,5909
Cheseaux-sur-Lausanne,Kanton Waadt VD,5582
Chéserex,Kanton Waadt VD,5709
Chessel,Kanton Waadt VD,5403
Chevilly,Kanton Waadt VD,5476
Chevroux,Kanton Waadt VD,5813
Chexbres,Kanton Waadt VD,5601
Cheyres-Châbles,Kanton Freiburg FR,2055
Chiasso,Kanton Tessin TI,5250
Chigny,Kanton Waadt VD,5628
Chippis,Kanton Wallis VS,6235
Choulex,Kanton Genf GE,6614
Chur,Kanton Graubünden GR,3901
Churwalden,Kanton Graubünden GR,3911
Clarmont,Kanton Waadt VD,5629
Clos du Doubs,Kanton Jura JU,6808
Coeuve,Kanton Jura JU,6781
Coinsins,Kanton Waadt VD,5710
Coldrerio,Kanton Tessin TI,5251
Collex-Bossy,Kanton Genf GE,6615
Collina d’Oro,Kanton Tessin TI,5236
Collombey-Muraz,Kanton Wallis VS,6152
Collonge-Bellerive,Kanton Genf GE,6616
Collonges,Kanton Wallis VS,6211
Cologny,Kanton Genf GE,6617
Comano,Kanton Tessin TI,5176
Commugny,Kanton Waadt VD,5711
Concise,Kanton Waadt VD,5554
Confignon,Kanton Genf GE,6618
Conters im Prättigau,Kanton Graubünden GR,3881
Conthey,Kanton Wallis VS,6023
Coppet,Kanton Waadt VD,5712
Corbeyrier,Kanton Waadt VD,5404
Corbières,Kanton Freiburg FR,2129
Corcelles (BE),Kanton Bern BE,687
Corcelles-le-Jorat,Kanton Waadt VD,5785
Corcelles-près-Concise,Kanton Waadt VD,5555
Corcelles-près-Payerne,Kanton Waadt VD,5816
Corgémont,Kanton Bern BE,431
Corminboeuf,Kanton Freiburg FR,2183
Cormoret,Kanton Bern BE,432
Cornaux,Kanton Neuenburg NE,6451
Cornol,Kanton Jura JU,6782
Corseaux,Kanton Waadt VD,5883
Corsier (GE),Kanton Genf GE,6619
Corsier-sur-Vevey,Kanton Waadt VD,5884
Cortaillod,Kanton Neuenburg NE,6408
Cortébert,Kanton Bern BE,433
Cossonay,Kanton Waadt VD,5477
Cottens (FR),Kanton Freiburg FR,2186
Courchapoix,Kanton Jura JU,6706
Courchavon,Kanton Jura JU,6783
Courgenay,Kanton Jura JU,6784
Courgevaux,Kanton Freiburg FR,2250
Courrendlin,Kanton Jura JU,6708
Courroux,Kanton Jura JU,6709
Court,Kanton Bern BE,690
Courtedoux,Kanton Jura JU,6785
Courtelary,Kanton Bern BE,434
Courtepin,Kanton Freiburg FR,2254
Courtételle,Kanton Jura JU,6710
Crans,Kanton Waadt VD,5713
Crans-Montana,Kanton Wallis VS,6253
Crassier,Kanton Waadt VD,5714
Crémines,Kanton Bern BE,691
Cressier (FR),Kanton Freiburg FR,2257
Cressier (NE),Kanton Neuenburg NE,6452
Crésuz,Kanton Freiburg FR,2130
Crissier,Kanton Waadt VD,5583
Cronay,Kanton Waadt VD,5910
Croy,Kanton Waadt VD,5752
Cuarnens,Kanton Waadt VD,5479
Cuarny,Kanton Waadt VD,5911
Cudrefin,Kanton Waadt VD,5456
Cugnasco-Gerra,Kanton Tessin TI,5138
Cugy (FR),Kanton Freiburg FR,2011
Cugy (VD),Kanton Waadt VD,5516
Cureglia,Kanton Tessin TI,5180
Curio,Kanton Tessin TI,5181
Curtilles,Kanton Waadt VD,5669
Dachsen,Kanton Zürich ZH,25
Dägerlen,Kanton Zürich ZH,214
Dagmersellen,Kanton Luzern LU,1125
Daillens,Kanton Waadt VD,5480
Dallenwil,Kanton Nidwalden NW,1503
Dällikon,Kanton Zürich ZH,84
Dalpe,Kanton Tessin TI,5071
Damphreux-Lugnez,Kanton Jura JU,6811
Däniken,Kanton Solothurn SO,2572
Dänikon,Kanton Zürich ZH,85
Dardagny,Kanton Genf GE,6620
Därligen,Kanton Bern BE,575
Därstetten,Kanton Bern BE,761
Dättlikon,Kanton Zürich ZH,215
Davos,Kanton Graubünden GR,3851
Degersheim,Kanton St. Gallen SG,3401
Deisswil bei Münchenbuchsee,Kanton Bern BE,535
Deitingen,Kanton Solothurn SO,2516
Delémont,Kanton Jura JU,6711
Delley-Portalban,Kanton Freiburg FR,2051
Démoret,Kanton Waadt VD,5912
Denens,Kanton Waadt VD,5631
Denges,Kanton Waadt VD,5632
Densbüren,Kanton Aargau AG,4004
Derendingen,Kanton Solothurn SO,2517
Develier,Kanton Jura JU,6712
Diegten,Kanton Basel-Landschaft BL,2884
Dielsdorf,Kanton Zürich ZH,86
Diemtigen,Kanton Bern BE,762
Diepflingen,Kanton Basel-Landschaft BL,2845
Diepoldsau,Kanton St. Gallen SG,3234
Dierikon,Kanton Luzern LU,1053
Diessbach bei Büren,Kanton Bern BE,385
Diessenhofen,Kanton Thurgau TG,4545
Dietikon,Kanton Zürich ZH,243
Dietlikon,Kanton Zürich ZH,54
Dietwil,Kanton Aargau AG,4231
Dinhard,Kanton Zürich ZH,216
Dintikon,Kanton Aargau AG,4194
Disentis/Mustér,Kanton Graubünden GR,3982
Dittingen,Kanton Basel-Landschaft BL,2784
Dizy,Kanton Waadt VD,5481
Domat/Ems,Kanton Graubünden GR,3722
Domleschg,Kanton Graubünden GR,3673
Dompierre (VD),Kanton Waadt VD,5671
Donneloye,Kanton Waadt VD,5913
Doppleschwand,Kanton Luzern LU,1001
Dorénaz,Kanton Wallis VS,6212
Dorf,Kanton Zürich ZH,26
Dörflingen,Kanton Schaffhausen SH,2915
Dornach,Kanton Solothurn SO,2473
Dottikon,Kanton Aargau AG,4065
Döttingen,Kanton Aargau AG,4304
Dotzigen,Kanton Bern BE,386
Dozwil,Kanton Thurgau TG,4406
Drei Höfe,Kanton Solothurn SO,2535
Dübendorf,Kanton Zürich ZH,191
Düdingen,Kanton Freiburg FR,2293
Duggingen,Kanton Basel-Landschaft BL,2785
Duillier,Kanton Waadt VD,5715
Dulliken,Kanton Solothurn SO,2573
Dully,Kanton Waadt VD,5855
Dürnten,Kanton Zürich ZH,113
Dürrenäsch,Kanton Aargau AG,4134
Dürrenroth,Kanton Bern BE,952
Ebikon,Kanton Luzern LU,1054
Ebnat-Kappel,Kanton St. Gallen SG,3352
Echallens,Kanton Waadt VD,5518
Echandens,Kanton Waadt VD,5633
Echarlens,Kanton Freiburg FR,2131
Echichens,Kanton Waadt VD,5634
Eclépens,Kanton Waadt VD,5482
Ecublens (FR),Kanton Freiburg FR,2072
Ecublens (VD),Kanton Waadt VD,5635
Ederswiler,Kanton Jura JU,6713
Egerkingen,Kanton Solothurn SO,2401
Egg,Kanton Zürich ZH,192
Eggenwil,Kanton Aargau AG,4066
Eggerberg,Kanton Wallis VS,6004
Eggersriet,Kanton St. Gallen SG,3212
Eggiwil,Kanton Bern BE,901
Eglisau,Kanton Zürich ZH,55
Egliswil,Kanton Aargau AG,4195
Egnach,Kanton Thurgau TG,4411
Egolzwil,Kanton Luzern LU,1127
Ehrendingen,Kanton Aargau AG,4049
Eich,Kanton Luzern LU,1084
Eichberg,Kanton St. Gallen SG,3252
Eiken,Kanton Aargau AG,4161
Einsiedeln,Kanton Schwyz SZ,1301
Eischoll,Kanton Wallis VS,6194
Eisten,Kanton Wallis VS,6282
Elgg,Kanton Zürich ZH,294
Ellikon an der Thur,Kanton Zürich ZH,218
Elsau,Kanton Zürich ZH,219
Embd,Kanton Wallis VS,6283
Embrach,Kanton Zürich ZH,56
Emmen,Kanton Luzern LU,1024
Emmetten,Kanton Nidwalden NW,1504
Endingen,Kanton Aargau AG,4305
Engelberg,Kanton Obwalden OW,1402
Enges,Kanton Neuenburg NE,6453
Ennetbaden,Kanton Aargau AG,4026
Ennetbürgen,Kanton Nidwalden NW,1505
Ennetmoos,Kanton Nidwalden NW,1506
Entlebuch,Kanton Luzern LU,1002
Epalinges,Kanton Waadt VD,5584
Ependes (VD),Kanton Waadt VD,5914
Eppenberg-Wöschnau,Kanton Solothurn SO,2574
Epsach,Kanton Bern BE,735
Eptingen,Kanton Basel-Landschaft BL,2885
Ergisch,Kanton Wallis VS,6104
Eriswil,Kanton Bern BE,953
Eriz,Kanton Bern BE,924
Erlach,Kanton Bern BE,492
Erlen,Kanton Thurgau TG,4476
Erlenbach (ZH),Kanton Zürich ZH,151
Erlenbach im Simmental,Kanton Bern BE,763
Erlinsbach (AG),Kanton Aargau AG,4005
Erlinsbach (SO),Kanton Solothurn SO,2503
Ermatingen,Kanton Thurgau TG,4646
Ermensee,Kanton Luzern LU,1025
Ernen,Kanton Wallis VS,6056
Erschwil,Kanton Solothurn SO,2615
Ersigen,Kanton Bern BE,405
Erstfeld,Kanton Uri UR,1206
Eschenbach (LU),Kanton Luzern LU,1026
Eschenbach (SG),Kanton St. Gallen SG,3342
Eschenz,Kanton Thurgau TG,4806
Eschert,Kanton Bern BE,692
Eschlikon,Kanton Thurgau TG,4724
Escholzmatt-Marbach,Kanton Luzern LU,1010
Essertines-sur-Rolle,Kanton Waadt VD,5856
Essertines-sur-Yverdon,Kanton Waadt VD,5520
Estavayer,Kanton Freiburg FR,2054
Etagnières,Kanton Waadt VD,5521
Etoy,Kanton Waadt VD,5636
Ettingen,Kanton Basel-Landschaft BL,2768
Ettiswil,Kanton Luzern LU,1128
Etziken,Kanton Solothurn SO,2518
Evilard,Kanton Bern BE,372
Evionnaz,Kanton Wallis VS,6213
Evolène,Kanton Wallis VS,6083
Eysins,Kanton Waadt VD,5716
Fahrni,Kanton Bern BE,925
Fahrwangen,Kanton Aargau AG,4196
Fahy,Kanton Jura JU,6789
Faido,Kanton Tessin TI,5072
Falera,Kanton Graubünden GR,3572
Fällanden,Kanton Zürich ZH,193
Faoug,Kanton Waadt VD,5458
Farnern,Kanton Bern BE,975
Féchy,Kanton Waadt VD,5427
Fehraltorf,Kanton Zürich ZH,172
Fehren,Kanton Solothurn SO,2616
Felben-Wellhausen,Kanton Thurgau TG,4561
Feldbrunnen-St. Niklaus,Kanton Solothurn SO,2544
Felsberg,Kanton Graubünden GR,3731
Ferden,Kanton Wallis VS,6195
Ferenbalm,Kanton Bern BE,662
Ferpicloz,Kanton Freiburg FR,2194
Ferrera,Kanton Graubünden GR,3713
Ferreyres,Kanton Waadt VD,5483
Fétigny,Kanton Freiburg FR,2016
Feuerthalen,Kanton Zürich ZH,27
Feusisberg,Kanton Schwyz SZ,1321
Fey,Kanton Waadt VD,5522
Fideris,Kanton Graubünden GR,3861
Fiesch,Kanton Wallis VS,6057
Fieschertal,Kanton Wallis VS,6058
Fiez,Kanton Waadt VD,5556
Finhaut,Kanton Wallis VS,6214
Finsterhennen,Kanton Bern BE,493
Fischbach,Kanton Luzern LU,1129
Fischbach-Göslikon,Kanton Aargau AG,4067
Fischenthal,Kanton Zürich ZH,114
Fischingen,Kanton Thurgau TG,4726
Fisibach,Kanton Aargau AG,4306
Fislisbach,Kanton Aargau AG,4027
Flaach,Kanton Zürich ZH,28
Fläsch,Kanton Graubünden GR,3951
Flawil,Kanton St. Gallen SG,3402
Flerden,Kanton Graubünden GR,3662
Flims,Kanton Graubünden GR,3732
Flüelen,Kanton Uri UR,1207
Flühli,Kanton Luzern LU,1004
Flumenthal,Kanton Solothurn SO,2545
Flums,Kanton St. Gallen SG,3292
Flurlingen,Kanton Zürich ZH,29
Fontaines-sur-Grandson,Kanton Waadt VD,5557
Fontenais,Kanton Jura JU,6790
Forel (Lavaux),Kanton Waadt VD,5604
Forst-Längenbühl,Kanton Bern BE,948
Founex,Kanton Waadt VD,5717
Fräschels,Kanton Freiburg FR,2258
Fraubrunnen,Kanton Bern BE,538
Frauenfeld,Kanton Thurgau TG,4566
Frauenkappelen,Kanton Bern BE,663
Freienbach,Kanton Schwyz SZ,1322
Freienstein-Teufen,Kanton Zürich ZH,57
Freienwil,Kanton Aargau AG,4028
Freimettigen,Kanton Bern BE,607
Frenkendorf,Kanton Basel-Landschaft BL,2824
Fribourg,Kanton Freiburg FR,2196
Frick,Kanton Aargau AG,4163
Froideville,Kanton Waadt VD,5523
Frutigen,Kanton Bern BE,563
Fulenbach,Kanton Solothurn SO,2575
Füllinsdorf,Kanton Basel-Landschaft BL,2825
Full-Reuenthal,Kanton Aargau AG,4307
Fully,Kanton Wallis VS,6133
Furna,Kanton Graubünden GR,3862
Fürstenau,Kanton Graubünden GR,3633
Gächlingen,Kanton Schaffhausen SH,2901
Gachnang,Kanton Thurgau TG,4571
Gais,Kanton Appenzell Ausserrhoden AR,3022
Gaiserwald,Kanton St. Gallen SG,3442
Galgenen,Kanton Schwyz SZ,1342
Gals,Kanton Bern BE,494
Gambarogno,Kanton Tessin TI,5398
Gampel-Bratsch,Kanton Wallis VS,6118
Gampelen,Kanton Bern BE,495
Gams,Kanton St. Gallen SG,3272
Gansingen,Kanton Aargau AG,4164
Gebenstorf,Kanton Aargau AG,4029
Gelterkinden,Kanton Basel-Landschaft BL,2846
Geltwil,Kanton Aargau AG,4232
Gempen,Kanton Solothurn SO,2474
Genève,Kanton Genf GE,6621
Genolier,Kanton Waadt VD,5718
Genthod,Kanton Genf GE,6622
Gerlafingen,Kanton Solothurn SO,2519
Geroldswil,Kanton Zürich ZH,244
Gersau,Kanton Schwyz SZ,1311
Gerzensee,Kanton Bern BE,866
Geuensee,Kanton Luzern LU,1085
Gibloux,Kanton Freiburg FR,2236
Giebenach,Kanton Basel-Landschaft BL,2826
Giez,Kanton Waadt VD,5559
Giffers,Kanton Freiburg FR,2294
Gilly,Kanton Waadt VD,5857
Gimel,Kanton Waadt VD,5428
Gingins,Kanton Waadt VD,5719
Giornico,Kanton Tessin TI,5073
Gipf-Oberfrick,Kanton Aargau AG,4165
Gisikon,Kanton Luzern LU,1055
Giswil,Kanton Obwalden OW,1403
Givisiez,Kanton Freiburg FR,2197
Givrins,Kanton Waadt VD,5720
Gland,Kanton Waadt VD,5721
Glarus,Kanton Glarus GL,1632
Glarus Nord,Kanton Glarus GL,1630
Glarus Süd,Kanton Glarus GL,1631
Glattfelden,Kanton Zürich ZH,58
Gletterens,Kanton Freiburg FR,2022
Goldach,Kanton St. Gallen SG,3213
Gollion,Kanton Waadt VD,5484
Gommiswald,Kanton St. Gallen SG,3341
Goms,Kanton Wallis VS,6077
Gondiswil,Kanton Bern BE,326
Gonten,Kanton Appenzell Innerrhoden AI,3102
Gontenschwil,Kanton Aargau AG,4135
Gordola,Kanton Tessin TI,5108
Göschenen,Kanton Uri UR,1208
Gossau (SG),Kanton St. Gallen SG,3443
Gossau (ZH),Kanton Zürich ZH,115
Gottlieben,Kanton Thurgau TG,4651
Goumoëns,Kanton Waadt VD,5541
Graben,Kanton Bern BE,976
Grabs,Kanton St. Gallen SG,3273
Grächen,Kanton Wallis VS,6285
Grancia,Kanton Tessin TI,5186
Grancy,Kanton Waadt VD,5485
Grandcour,Kanton Waadt VD,5817
Grandevent,Kanton Waadt VD,5560
Grandfontaine,Kanton Jura JU,6792
Grandson,Kanton Waadt VD,5561
Grandval,Kanton Bern BE,694
Grandvillard,Kanton Freiburg FR,2134
Granges (Veveyse),Kanton Freiburg FR,2328
Granges-Paccot,Kanton Freiburg FR,2198
Grangettes,Kanton Freiburg FR,2079
Gränichen,Kanton Aargau AG,4006
Gravesano,Kanton Tessin TI,5187
Greifensee,Kanton Zürich ZH,194
Grellingen,Kanton Basel-Landschaft BL,2786
Grenchen,Kanton Solothurn SO,2546
Greng,Kanton Freiburg FR,2261
Grengiols,Kanton Wallis VS,6177
Grens,Kanton Waadt VD,5722
Greppen,Kanton Luzern LU,1056
Gretzenbach,Kanton Solothurn SO,2576
Grimisuat,Kanton Wallis VS,6263
Grindel,Kanton Solothurn SO,2617
Grindelwald,Kanton Bern BE,576
Grolley,Kanton Freiburg FR,2200
Grône,Kanton Wallis VS,6238
Grono,Kanton Graubünden GR,3832
Grossaffoltern,Kanton Bern BE,303
Grossdietwil,Kanton Luzern LU,1131
Grosshöchstetten,Kanton Bern BE,608
Grosswangen,Kanton Luzern LU,1086
Grub (AR),Kanton Appenzell Ausserrhoden AR,3031
Grüningen,Kanton Zürich ZH,116
Grüsch,Kanton Graubünden GR,3961
Gruyères,Kanton Freiburg FR,2135
Gryon,Kanton Waadt VD,5405
Gsteig,Kanton Bern BE,841
Gsteigwiler,Kanton Bern BE,577
Guggisberg,Kanton Bern BE,852
Gündlischwand,Kanton Bern BE,578
Günsberg,Kanton Solothurn SO,2547
Gunzgen,Kanton Solothurn SO,2578
Gurbrü,Kanton Bern BE,665
Gurmels,Kanton Freiburg FR,2262
Gurtnellen,Kanton Uri UR,1209
Gurzelen,Kanton Bern BE,867
Guttannen,Kanton Bern BE,782
Guttet-Feschel,Kanton Wallis VS,6117
Güttingen,Kanton Thurgau TG,4656
Gy,Kanton Genf GE,6624
Habkern,Kanton Bern BE,579
Habsburg,Kanton Aargau AG,4099
Häfelfingen,Kanton Basel-Landschaft BL,2847
Hagenbuch,Kanton Zürich ZH,220
Hägendorf,Kanton Solothurn SO,2579
Häggenschwil,Kanton St. Gallen SG,3201
Hägglingen,Kanton Aargau AG,4068
Hagneck,Kanton Bern BE,736
Hallau,Kanton Schaffhausen SH,2971
Hallwil,Kanton Aargau AG,4197
Halten,Kanton Solothurn SO,2520
Härkingen,Kanton Solothurn SO,2402
Hasle (LU),Kanton Luzern LU,1005
Hasle bei Burgdorf,Kanton Bern BE,406
Hasliberg,Kanton Bern BE,783
Hauenstein-Ifenthal,Kanton Solothurn SO,2491
Hauptwil-Gottshaus,Kanton Thurgau TG,4486
Hausen (AG),Kanton Aargau AG,4100
Hausen am Albis,Kanton Zürich ZH,4
Haute-Ajoie,Kanton Jura JU,6809
Hautemorges,Kanton Waadt VD,5656
Hauterive (FR),Kanton Freiburg FR,2233
Hauterive (NE),Kanton Neuenburg NE,6454
Haute-Sorne,Kanton Jura JU,6729
Hauteville,Kanton Freiburg FR,2137
Haut-Intyamon,Kanton Freiburg FR,2121
Häutligen,Kanton Bern BE,609
Hedingen,Kanton Zürich ZH,5
Hefenhofen,Kanton Thurgau TG,4416
Heiden,Kanton Appenzell Ausserrhoden AR,3032
Heiligenschwendi,Kanton Bern BE,927
Heimberg,Kanton Bern BE,928
Heimenhausen,Kanton Bern BE,977
Heimiswil,Kanton Bern BE,407
Heitenried,Kanton Freiburg FR,2296
Hellikon,Kanton Aargau AG,4251
Hellsau,Kanton Bern BE,408
Hemishofen,Kanton Schaffhausen SH,2962
Hemmiken,Kanton Basel-Landschaft BL,2848
Hendschiken,Kanton Aargau AG,4198
Henggart,Kanton Zürich ZH,31
Henniez,Kanton Waadt VD,5819
Herbetswil,Kanton Solothurn SO,2424
Herbligen,Kanton Bern BE,610
Herdern,Kanton Thurgau TG,4811
Hérémence,Kanton Wallis VS,6084
Hergiswil (NW),Kanton Nidwalden NW,1507
Hergiswil bei Willisau,Kanton Luzern LU,1132
Herisau,Kanton Appenzell Ausserrhoden AR,3001
Hermance,Kanton Genf GE,6625
Hermenches,Kanton Waadt VD,5673
Hermrigen,Kanton Bern BE,737
Herrliberg,Kanton Zürich ZH,152
Hersberg,Kanton Basel-Landschaft BL,2827
Herznach-Ueken,Kanton Aargau AG,4186
Herzogenbuchsee,Kanton Bern BE,979
Hettlingen,Kanton Zürich ZH,221
Hildisrieden,Kanton Luzern LU,1088
Hilterfingen,Kanton Bern BE,929
Himmelried,Kanton Solothurn SO,2618
Hindelbank,Kanton Bern BE,409
Hinwil,Kanton Zürich ZH,117
Hirschthal,Kanton Aargau AG,4007
Hittnau,Kanton Zürich ZH,173
Hitzkirch,Kanton Luzern LU,1030
Hochdorf,Kanton Luzern LU,1031
Hochfelden,Kanton Zürich ZH,59
Höchstetten,Kanton Bern BE,410
Hochwald,Kanton Solothurn SO,2475
Hofstetten bei Brienz,Kanton Bern BE,580
Hofstetten-Flüh,Kanton Solothurn SO,2476
Hohenrain,Kanton Luzern LU,1032
Hohentannen,Kanton Thurgau TG,4495
Holderbank (AG),Kanton Aargau AG,4199
Holderbank (SO),Kanton Solothurn SO,2425
Hölstein,Kanton Basel-Landschaft BL,2886
Holziken,Kanton Aargau AG,4136
Homberg,Kanton Bern BE,931
Hombrechtikon,Kanton Zürich ZH,153
Homburg,Kanton Thurgau TG,4816
Honau,Kanton Luzern LU,1057
Horgen,Kanton Zürich ZH,295
Höri,Kanton Zürich ZH,60
Horn,Kanton Thurgau TG,4421
Horrenbach-Buchen,Kanton Bern BE,932
Horriwil,Kanton Solothurn SO,2523
Horw,Kanton Luzern LU,1058
Hospental,Kanton Uri UR,1210
Hubersdorf,Kanton Solothurn SO,2548
Hundwil,Kanton Appenzell Ausserrhoden AR,3002
Hünenberg,Kanton Zug ZG,1703
Hüniken,Kanton Solothurn SO,2524
Hüntwangen,Kanton Zürich ZH,61
Hunzenschwil,Kanton Aargau AG,4200
Hüttikon,Kanton Zürich ZH,87
Hüttlingen,Kanton Thurgau TG,4590
Huttwil,Kanton Bern BE,954
Hüttwilen,Kanton Thurgau TG,4821
Icogne,Kanton Wallis VS,6239
Iffwil,Kanton Bern BE,541
Ilanz/Glion,Kanton Graubünden GR,3619
Illgau,Kanton Schwyz SZ,1363
Illnau-Effretikon,Kanton Zürich ZH,296
Inden,Kanton Wallis VS,6109
Ingenbohl,Kanton Schwyz SZ,1364
Inkwil,Kanton Bern BE,980
Innerthal,Kanton Schwyz SZ,1343
Innertkirchen,Kanton Bern BE,784
Ins,Kanton Bern BE,496
Interlaken,Kanton Bern BE,581
Inwil,Kanton Luzern LU,1033
Ipsach,Kanton Bern BE,739
Iseltwald,Kanton Bern BE,582
Isenthal,Kanton Uri UR,1211
Isérables,Kanton Wallis VS,6134
Islisberg,Kanton Aargau AG,4084
Isone,Kanton Tessin TI,5009
Itingen,Kanton Basel-Landschaft BL,2849
Ittigen,Kanton Bern BE,362
Jaberg,Kanton Bern BE,868
Jaun,Kanton Freiburg FR,2138
Jegenstorf,Kanton Bern BE,540
Jenaz,Kanton Graubünden GR,3863
Jenins,Kanton Graubünden GR,3952
Jens,Kanton Bern BE,738
Jonen,Kanton Aargau AG,4071
Jongny,Kanton Waadt VD,5885
Jonschwil,Kanton St. Gallen SG,3405
Jorat-Menthue,Kanton Waadt VD,5804
Jorat-Mézières,Kanton Waadt VD,5806
Jouxtens-Mézery,Kanton Waadt VD,5585
Juriens,Kanton Waadt VD,5754
Jussy,Kanton Genf GE,6626
Kaiseraugst,Kanton Aargau AG,4252
Kaisten,Kanton Aargau AG,4169
Kallern,Kanton Aargau AG,4233
Kallnach,Kanton Bern BE,304
Kaltbrunn,Kanton St. Gallen SG,3313
Kammersrohr,Kanton Solothurn SO,2549
Kandergrund,Kanton Bern BE,564
Kandersteg,Kanton Bern BE,565
Känerkinden,Kanton Basel-Landschaft BL,2850
Kappel (SO),Kanton Solothurn SO,2580
Kappel am Albis,Kanton Zürich ZH,6
Kappelen,Kanton Bern BE,305
Kaufdorf,Kanton Bern BE,869
Kehrsatz,Kanton Bern BE,870
Kemmental,Kanton Thurgau TG,4666
Kernenried,Kanton Bern BE,411
Kerns,Kanton Obwalden OW,1404
Kerzers,Kanton Freiburg FR,2265
Kesswil,Kanton Thurgau TG,4426
Kestenholz,Kanton Solothurn SO,2403
Kienberg,Kanton Solothurn SO,2492
Kiesen,Kanton Bern BE,611
Kilchberg (BL),Kanton Basel-Landschaft BL,2851
Kilchberg (ZH),Kanton Zürich ZH,135
Killwangen,Kanton Aargau AG,4030
Kippel,Kanton Wallis VS,6197
Kirchberg (BE),Kanton Bern BE,412
Kirchberg (SG),Kanton St. Gallen SG,3392
Kirchdorf (BE),Kanton Bern BE,872
Kirchleerau,Kanton Aargau AG,4275
Kirchlindach,Kanton Bern BE,354
Kleinandelfingen,Kanton Zürich ZH,33
Kleinbösingen,Kanton Freiburg FR,2266
Kleinlützel,Kanton Solothurn SO,2619
Klingnau,Kanton Aargau AG,4309
Klosters,Kanton Graubünden GR,3871
Kloten,Kanton Zürich ZH,62
Knonau,Kanton Zürich ZH,7
Knutwil,Kanton Luzern LU,1089
Koblenz,Kanton Aargau AG,4310
Kölliken,Kanton Aargau AG,4276
Köniz,Kanton Bern BE,355
Konolfingen,Kanton Bern BE,612
Koppigen,Kanton Bern BE,413
Kradolf-Schönenberg,Kanton Thurgau TG,4501
Krattigen,Kanton Bern BE,566
Krauchthal,Kanton Bern BE,414
Kreuzlingen,Kanton Thurgau TG,4671
Kriechenwil,Kanton Bern BE,666
Kriegstetten,Kanton Solothurn SO,2525
Kriens,Kanton Luzern LU,1059
Küblis,Kanton Graubünden GR,3882
Künten,Kanton Aargau AG,4031
Küsnacht (ZH),Kanton Zürich ZH,154
Küssnacht (SZ),Kanton Schwyz SZ,1331
Küttigen,Kanton Aargau AG,4008
La Baroche,Kanton Jura JU,6810
La Brévine,Kanton Neuenburg NE,6432
La Brillaz,Kanton Freiburg FR,2234
La Chaux (Cossonay),Kanton Waadt VD,5474
La Chaux-de-Fonds,Kanton Neuenburg NE,6421
La Chaux-du-Milieu,Kanton Neuenburg NE,6435
La Côte-aux-Fées,Kanton Neuenburg NE,6504
La Ferrière,Kanton Bern BE,435
La Grande-Béroche,Kanton Neuenburg NE,6417
La Neuveville,Kanton Bern BE,723
La Praz,Kanton Waadt VD,5758
La Punt Chamues-ch,Kanton Graubünden GR,3785
La Rippe,Kanton Waadt VD,5726
La Roche,Kanton Freiburg FR,2149
La Sagne,Kanton Neuenburg NE,6423
La Sarraz,Kanton Waadt VD,5498
La Sonnaz,Kanton Freiburg FR,2235
La Tène,Kanton Neuenburg NE,6461
La Tour-de-Peilz,Kanton Waadt VD,5889
La Verrerie,Kanton Freiburg FR,2338
Laax,Kanton Graubünden GR,3575
L’Abbaye,Kanton Waadt VD,5871
L’Abergement,Kanton Waadt VD,5741
Lachen,Kanton Schwyz SZ,1344
Laconnex,Kanton Genf GE,6627
Lajoux (JU),Kanton Jura JU,6750
Lalden,Kanton Wallis VS,6286
Lamone,Kanton Tessin TI,5189
Lampenberg,Kanton Basel-Landschaft BL,2887
Lancy,Kanton Genf GE,6628
Landiswil,Kanton Bern BE,613
Landquart,Kanton Graubünden GR,3955
Langenbruck,Kanton Basel-Landschaft BL,2888
Langendorf,Kanton Solothurn SO,2550
Langenthal,Kanton Bern BE,329
Langnau am Albis,Kanton Zürich ZH,136
Langnau im Emmental,Kanton Bern BE,902
Langrickenbach,Kanton Thurgau TG,4681
Lantsch/Lenz,Kanton Graubünden GR,3513
Lauenen,Kanton Bern BE,842
Lauerz,Kanton Schwyz SZ,1365
Läufelfingen,Kanton Basel-Landschaft BL,2852
Laufen,Kanton Basel-Landschaft BL,2787
Laufenburg,Kanton Aargau AG,4170
Laufen-Uhwiesen,Kanton Zürich ZH,34
Laupen,Kanton Bern BE,667
Laupersdorf,Kanton Solothurn SO,2426
Lauperswil,Kanton Bern BE,903
Lausanne,Kanton Waadt VD,5586
Lausen,Kanton Basel-Landschaft BL,2828
Lauterbrunnen,Kanton Bern BE,584
Lauwil,Kanton Basel-Landschaft BL,2889
Lavertezzo,Kanton Tessin TI,5112
Lavey-Morcles,Kanton Waadt VD,5406
Lavigny,Kanton Waadt VD,5637
Lavizzara,Kanton Tessin TI,5323
Lax,Kanton Wallis VS,6061
Le Bémont (JU),Kanton Jura JU,6741
Le Cerneux-Péquignot,Kanton Neuenburg NE,6434
Le Châtelard,Kanton Freiburg FR,2067
Le Chenit,Kanton Waadt VD,5872
Le Flon,Kanton Freiburg FR,2337
Le Grand-Saconnex,Kanton Genf GE,6623
Le Landeron,Kanton Neuenburg NE,6455
Le Lieu,Kanton Waadt VD,5873
Le Locle,Kanton Neuenburg NE,6436
Le Mont-sur-Lausanne,Kanton Waadt VD,5587
Le Mouret,Kanton Freiburg FR,2220
Le Noirmont,Kanton Jura JU,6754
Le Pâquier (FR),Kanton Freiburg FR,2145
Le Vaud,Kanton Waadt VD,5731
Leibstadt,Kanton Aargau AG,4311
Leimbach (AG),Kanton Aargau AG,4137
Leissigen,Kanton Bern BE,585
Lengnau (AG),Kanton Aargau AG,4312
Lengnau (BE),Kanton Bern BE,387
Lengwil,Kanton Thurgau TG,4683
Lenk,Kanton Bern BE,792
Lens,Kanton Wallis VS,6240
Lenzburg,Kanton Aargau AG,4201
Les Bois,Kanton Jura JU,6742
Les Breuleux,Kanton Jura JU,6743
Les Clées,Kanton Waadt VD,5750
Les Enfers,Kanton Jura JU,6745
Les Genevez (JU),Kanton Jura JU,6748
Les Montets,Kanton Freiburg FR,2050
Les Planchettes,Kanton Neuenburg NE,6422
Les Ponts-de-Martel,Kanton Neuenburg NE,6437
Les Verrières,Kanton Neuenburg NE,6511
Leuggern,Kanton Aargau AG,4313
Leuk,Kanton Wallis VS,6110
Leukerbad,Kanton Wallis VS,6111
Leutwil,Kanton Aargau AG,4138
Leuzigen,Kanton Bern BE,388
Leysin,Kanton Waadt VD,5407
Leytron,Kanton Wallis VS,6135
Lichtensteig,Kanton St. Gallen SG,3374
Liddes,Kanton Wallis VS,6033
Liedertswil,Kanton Basel-Landschaft BL,2890
Liesberg,Kanton Basel-Landschaft BL,2788
Liestal,Kanton Basel-Landschaft BL,2829
Ligerz,Kanton Bern BE,740
Lignerolle,Kanton Waadt VD,5755
Lignières,Kanton Neuenburg NE,6456
Lindau,Kanton Zürich ZH,176
Linden,Kanton Bern BE,614
Linescio,Kanton Tessin TI,5315
L’Isle,Kanton Waadt VD,5486
Locarno,Kanton Tessin TI,5113
Lohn (SH),Kanton Schaffhausen SH,2917
Lohn-Ammannsegg,Kanton Solothurn SO,2526
Löhningen,Kanton Schaffhausen SH,2903
Lommis,Kanton Thurgau TG,4741
Lommiswil,Kanton Solothurn SO,2551
Lonay,Kanton Waadt VD,5638
Longirod,Kanton Waadt VD,5429
Losone,Kanton Tessin TI,5115
Lostallo,Kanton Graubünden GR,3821
Lostorf,Kanton Solothurn SO,2493
Lotzwil,Kanton Bern BE,331
Lovatens,Kanton Waadt VD,5674
Loveresse,Kanton Bern BE,696
Lucens,Kanton Waadt VD,5675
Lufingen,Kanton Zürich ZH,63
Lugano,Kanton Tessin TI,5192
Luins,Kanton Waadt VD,5858
Lully (FR),Kanton Freiburg FR,2025
Lully (VD),Kanton Waadt VD,5639
Lumino,Kanton Tessin TI,5010
Lumnezia,Kanton Graubünden GR,3618
Lungern,Kanton Obwalden OW,1405
Lupfig,Kanton Aargau AG,4104
Lupsingen,Kanton Basel-Landschaft BL,2830
Lüscherz,Kanton Bern BE,497
Lussery-Villars,Kanton Waadt VD,5487
Lüsslingen-Nennigkofen,Kanton Solothurn SO,2464
Lussy-sur-Morges,Kanton Waadt VD,5640
Luterbach,Kanton Solothurn SO,2527
Lüterkofen-Ichertswil,Kanton Solothurn SO,2455
Lüterswil-Gächliwil,Kanton Solothurn SO,2456
Luthern,Kanton Luzern LU,1135
Lütisburg,Kanton St. Gallen SG,3393
Lutry,Kanton Waadt VD,5606
Lütschental,Kanton Bern BE,586
Lützelflüh,Kanton Bern BE,955
Lutzenberg,Kanton Appenzell Ausserrhoden AR,3033
Luzein,Kanton Graubünden GR,3891
Luzern,Kanton Luzern LU,1061
Lyss,Kanton Bern BE,306
Lyssach,Kanton Bern BE,415
Madiswil,Kanton Bern BE,332
Madulain,Kanton Graubünden GR,3783
Magden,Kanton Aargau AG,4253
Mägenwil,Kanton Aargau AG,4032
Maggia,Kanton Tessin TI,5317
Magliaso,Kanton Tessin TI,5193
Maienfeld,Kanton Graubünden GR,3953
Maisprach,Kanton Basel-Landschaft BL,2853
Malans,Kanton Graubünden GR,3954
Malters,Kanton Luzern LU,1062
Mammern,Kanton Thurgau TG,4826
Mandach,Kanton Aargau AG,4105
Männedorf,Kanton Zürich ZH,155
Manno,Kanton Tessin TI,5194
Maracon,Kanton Waadt VD,5790
Marbach (SG),Kanton St. Gallen SG,3253
Marchissy,Kanton Waadt VD,5430
Marly,Kanton Freiburg FR,2206
Marsens,Kanton Freiburg FR,2140
Märstetten,Kanton Thurgau TG,4941
Marthalen,Kanton Zürich ZH,35
Martigny,Kanton Wallis VS,6136
Martigny-Combe,Kanton Wallis VS,6137
Maschwanden,Kanton Zürich ZH,8
Masein,Kanton Graubünden GR,3663
Massagno,Kanton Tessin TI,5196
Massongex,Kanton Wallis VS,6215
Massonnens,Kanton Freiburg FR,2086
Mathod,Kanton Waadt VD,5919
Matran,Kanton Freiburg FR,2208
Matten bei Interlaken,Kanton Bern BE,587
Mattstetten,Kanton Bern BE,543
Matzendorf,Kanton Solothurn SO,2427
Matzingen,Kanton Thurgau TG,4591
Mauborget,Kanton Waadt VD,5562
Mauensee,Kanton Luzern LU,1091
Maur,Kanton Zürich ZH,195
Mauraz,Kanton Waadt VD,5488
Medel (Lucmagn),Kanton Graubünden GR,3983
Meggen,Kanton Luzern LU,1063
Meienried,Kanton Bern BE,389
Meierskappel,Kanton Luzern LU,1064
Meikirch,Kanton Bern BE,307
Meilen,Kanton Zürich ZH,156
Meinier,Kanton Genf GE,6629
Meinisberg,Kanton Bern BE,390
Meiringen,Kanton Bern BE,785
Meisterschwanden,Kanton Aargau AG,4202
Melchnau,Kanton Bern BE,333
Melide,Kanton Tessin TI,5198
Mellikon,Kanton Aargau AG,4314
Mellingen,Kanton Aargau AG,4033
Mels,Kanton St. Gallen SG,3293
Meltingen,Kanton Solothurn SO,2620
Mendrisio,Kanton Tessin TI,5254
Ménières,Kanton Freiburg FR,2027
Menziken,Kanton Aargau AG,4139
Menzingen,Kanton Zug ZG,1704
Menznau,Kanton Luzern LU,1136
Merenschwand,Kanton Aargau AG,4234
Mergoscia,Kanton Tessin TI,5117
Merishausen,Kanton Schaffhausen SH,2936
Mervelier,Kanton Jura JU,6715
Merzligen,Kanton Bern BE,741
Mesocco,Kanton Graubünden GR,3822
Messen,Kanton Solothurn SO,2457
Mettauertal,Kanton Aargau AG,4184
Mettembert,Kanton Jura JU,6716
Mettmenstetten,Kanton Zürich ZH,9
Metzerlen-Mariastein,Kanton Solothurn SO,2477
Mex (VD),Kanton Waadt VD,5489
Meyriez,Kanton Freiburg FR,2271
Meyrin,Kanton Genf GE,6630
Mézières (FR),Kanton Freiburg FR,2087
Mezzovico-Vira,Kanton Tessin TI,5199
Mies,Kanton Waadt VD,5723
Miglieglia,Kanton Tessin TI,5200
Milvignes,Kanton Neuenburg NE,6416
Minusio,Kanton Tessin TI,5118
Mirchel,Kanton Bern BE,615
Misery-Courtion,Kanton Freiburg FR,2272
Missy,Kanton Waadt VD,5821
Möhlin,Kanton Aargau AG,4254
Moiry,Kanton Waadt VD,5490
Mollens (VD),Kanton Waadt VD,5431
Molondin,Kanton Waadt VD,5921
Mönchaltorf,Kanton Zürich ZH,196
Montagny (FR),Kanton Freiburg FR,2029
Montagny-près-Yverdon,Kanton Waadt VD,5922
Montanaire,Kanton Waadt VD,5693
Montcherand,Kanton Waadt VD,5756
Monteceneri,Kanton Tessin TI,5238
Montet (Glâne),Kanton Freiburg FR,2089
Montfaucon,Kanton Jura JU,6751
Mönthal,Kanton Aargau AG,4106
Monthey,Kanton Wallis VS,6153
Montilliez,Kanton Waadt VD,5540
Mont-la-Ville,Kanton Waadt VD,5491
Mont-Noble,Kanton Wallis VS,6090
Montpreveyres,Kanton Waadt VD,5792
Montreux,Kanton Waadt VD,5886
Montricher,Kanton Waadt VD,5492
Mont-sur-Rolle,Kanton Waadt VD,5859
Mont-Tramelan,Kanton Bern BE,437
Mont-Vully,Kanton Freiburg FR,2284
Moosleerau,Kanton Aargau AG,4277
Moosseedorf,Kanton Bern BE,544
Morbio Inferiore,Kanton Tessin TI,5257
Morcote,Kanton Tessin TI,5203
Mörel-Filet,Kanton Wallis VS,6203
Morges,Kanton Waadt VD,5642
Mörigen,Kanton Bern BE,742
Möriken-Wildegg,Kanton Aargau AG,4203
Morlon,Kanton Freiburg FR,2143
Morrens (VD),Kanton Waadt VD,5527
Morschach,Kanton Schwyz SZ,1366
Mörschwil,Kanton St. Gallen SG,3214
Mosnang,Kanton St. Gallen SG,3394
Moudon,Kanton Waadt VD,5678
Moutier,Kanton Bern BE,700
Movelier,Kanton Jura JU,6718
Muhen,Kanton Aargau AG,4009
Mühlau,Kanton Aargau AG,4235
Mühleberg,Kanton Bern BE,668
Müllheim,Kanton Thurgau TG,4831
Mülligen,Kanton Aargau AG,4107
Mümliswil-Ramiswil,Kanton Solothurn SO,2428
Mumpf,Kanton Aargau AG,4255
Münchenbuchsee,Kanton Bern BE,546
Münchenstein,Kanton Basel-Landschaft BL,2769
Münchenwiler,Kanton Bern BE,669
Münchwilen (AG),Kanton Aargau AG,4172
Münchwilen (TG),Kanton Thurgau TG,4746
Münsingen,Kanton Bern BE,616
Münsterlingen,Kanton Thurgau TG,4691
Muntelier,Kanton Freiburg FR,2274
Muntogna da Schons,Kanton Graubünden GR,3715
Müntschemier,Kanton Bern BE,498
Muolen,Kanton St. Gallen SG,3202
Muotathal,Kanton Schwyz SZ,1367
Muralto,Kanton Tessin TI,5120
Murgenthal,Kanton Aargau AG,4279
Muri (AG),Kanton Aargau AG,4236
Muri bei Bern,Kanton Bern BE,356
Muriaux,Kanton Jura JU,6753
Murten,Kanton Freiburg FR,2275
Mutrux,Kanton Waadt VD,5563
Muttenz,Kanton Basel-Landschaft BL,2770
Muzzano,Kanton Tessin TI,5205
Naters,Kanton Wallis VS,6007
Nebikon,Kanton Luzern LU,1137
Neckertal,Kanton St. Gallen SG,3378
Neerach,Kanton Zürich ZH,88
Neftenbach,Kanton Zürich ZH,223
Neggio,Kanton Tessin TI,5206
Nendaz,Kanton Wallis VS,6024
Nenzlingen,Kanton Basel-Landschaft BL,2789
Nesslau,Kanton St. Gallen SG,3360
Neuchâtel,Kanton Neuenburg NE,6458
Neuendorf,Kanton Solothurn SO,2404
Neuenegg,Kanton Bern BE,670
Neuenhof,Kanton Aargau AG,4034
Neuenkirch,Kanton Luzern LU,1093
Neuhausen am Rheinfall,Kanton Schaffhausen SH,2937
Neuheim,Kanton Zug ZG,1705
Neunforn,Kanton Thurgau TG,4601
Neunkirch,Kanton Schaffhausen SH,2904
Neyruz,Kanton Freiburg FR,2211
Nidau,Kanton Bern BE,743
Niederbipp,Kanton Bern BE,981
Niederbuchsiten,Kanton Solothurn SO,2405
Niederbüren,Kanton St. Gallen SG,3422
Niederdorf,Kanton Basel-Landschaft BL,2891
Niedergesteln,Kanton Wallis VS,6198
Niederglatt,Kanton Zürich ZH,89
Niedergösgen,Kanton Solothurn SO,2495
Niederhasli,Kanton Zürich ZH,90
Niederhelfenschwil,Kanton St. Gallen SG,3423
Niederhünigen,Kanton Bern BE,617
Niederlenz,Kanton Aargau AG,4204
Niedermuhlern,Kanton Bern BE,877
Niederönz,Kanton Bern BE,982
Niederried bei Interlaken,Kanton Bern BE,588
Niederrohrdorf,Kanton Aargau AG,4035
Niederweningen,Kanton Zürich ZH,91
Niederwil (AG),Kanton Aargau AG,4072
Noble-Contrée,Kanton Wallis VS,6254
Nods,Kanton Bern BE,724
Nottwil,Kanton Luzern LU,1094
Novaggio,Kanton Tessin TI,5207
Novalles,Kanton Waadt VD,5564
Novazzano,Kanton Tessin TI,5260
Noville,Kanton Waadt VD,5408
Nuglar-St. Pantaleon,Kanton Solothurn SO,2478
Nunningen,Kanton Solothurn SO,2621
Nürensdorf,Kanton Zürich ZH,64
Nusshof,Kanton Basel-Landschaft BL,2854
Nuvilly,Kanton Freiburg FR,2035
Nyon,Kanton Waadt VD,5724
Oberägeri,Kanton Zug ZG,1706
Oberbalm,Kanton Bern BE,357
Oberbipp,Kanton Bern BE,983
Oberbuchsiten,Kanton Solothurn SO,2406
Oberbüren,Kanton St. Gallen SG,3424
Oberburg,Kanton Bern BE,418
Oberdiessbach,Kanton Bern BE,619
Oberdorf (BL),Kanton Basel-Landschaft BL,2892
Oberdorf (NW),Kanton Nidwalden NW,1508
Oberdorf (SO),Kanton Solothurn SO,2553
Oberegg,Kanton Appenzell Innerrhoden AI,3111
Oberembrach,Kanton Zürich ZH,65
Oberems,Kanton Wallis VS,6112
Oberengstringen,Kanton Zürich ZH,245
Oberentfelden,Kanton Aargau AG,4010
Obergerlafingen,Kanton Solothurn SO,2528
Oberglatt,Kanton Zürich ZH,92
Obergoms,Kanton Wallis VS,6076
Obergösgen,Kanton Solothurn SO,2497
Oberhallau,Kanton Schaffhausen SH,2972
Oberhof,Kanton Aargau AG,4173
Oberhofen am Thunersee,Kanton Bern BE,934
Oberhünigen,Kanton Bern BE,629
Oberiberg,Kanton Schwyz SZ,1368
Oberkirch,Kanton Luzern LU,1095
Oberkulm,Kanton Aargau AG,4140
Oberlangenegg,Kanton Bern BE,935
Oberlunkhofen,Kanton Aargau AG,4073
Obermumpf,Kanton Aargau AG,4256
Oberried am Brienzersee,Kanton Bern BE,589
Oberrieden,Kanton Zürich ZH,137
Oberriet (SG),Kanton St. Gallen SG,3254
Oberrohrdorf,Kanton Aargau AG,4037
Oberrüti,Kanton Aargau AG,4237
Obersaxen Mundaun,Kanton Graubünden GR,3988
Obersiggenthal,Kanton Aargau AG,4038
Oberthal,Kanton Bern BE,620
Oberuzwil,Kanton St. Gallen SG,3407
Oberweningen,Kanton Zürich ZH,93
Oberwil (BL),Kanton Basel-Landschaft BL,2771
Oberwil bei Büren,Kanton Bern BE,391
Oberwil im Simmental,Kanton Bern BE,766
Oberwil-Lieli,Kanton Aargau AG,4074
Obfelden,Kanton Zürich ZH,10
Ochlenberg,Kanton Bern BE,985
Oekingen,Kanton Solothurn SO,2529
Oensingen,Kanton Solothurn SO,2407
Oeschenbach,Kanton Bern BE,335
Oeschgen,Kanton Aargau AG,4175
Oetwil am See,Kanton Zürich ZH,157
Oetwil an der Limmat,Kanton Zürich ZH,246
Oftringen,Kanton Aargau AG,4280
Ogens,Kanton Waadt VD,5680
Ollon,Kanton Waadt VD,5409
Olsberg,Kanton Aargau AG,4257
Olten,Kanton Solothurn SO,2581
Oltingen,Kanton Basel-Landschaft BL,2855
Onex,Kanton Genf GE,6631
Onnens (VD),Kanton Waadt VD,5565
Onsernone,Kanton Tessin TI,5136
Opfikon,Kanton Zürich ZH,66
Oppens,Kanton Waadt VD,5923
Oppligen,Kanton Bern BE,622
Orbe,Kanton Waadt VD,5757
Orges,Kanton Waadt VD,5924
Origlio,Kanton Tessin TI,5208
Ormalingen,Kanton Basel-Landschaft BL,2856
Ormont-Dessous,Kanton Waadt VD,5410
Ormont-Dessus,Kanton Waadt VD,5411
Orny,Kanton Waadt VD,5493
Oron,Kanton Waadt VD,5805
Orpund,Kanton Bern BE,744
Orselina,Kanton Tessin TI,5121
Orsières,Kanton Wallis VS,6034
Orvin,Kanton Bern BE,438
Orzens,Kanton Waadt VD,5925
Ossingen,Kanton Zürich ZH,37
Ostermundigen,Kanton Bern BE,363
Otelfingen,Kanton Zürich ZH,94
Othmarsingen,Kanton Aargau AG,4205
Ottenbach,Kanton Zürich ZH,11
Oulens-sous-Echallens,Kanton Waadt VD,5529
Pailly,Kanton Waadt VD,5530
Paradiso,Kanton Tessin TI,5210
Paudex,Kanton Waadt VD,5588
Payerne,Kanton Waadt VD,5822
Penthalaz,Kanton Waadt VD,5495
Penthaz,Kanton Waadt VD,5496
Penthéréaz,Kanton Waadt VD,5531
Perly-Certoux,Kanton Genf GE,6632
Perrefitte,Kanton Bern BE,701
Perroy,Kanton Waadt VD,5860
Personico,Kanton Tessin TI,5076
Péry-La Heutte,Kanton Bern BE,450
Petit-Val,Kanton Bern BE,716
Pfäfers,Kanton St. Gallen SG,3294
Pfäffikon,Kanton Zürich ZH,177
Pfaffnau,Kanton Luzern LU,1139
Pfeffingen,Kanton Basel-Landschaft BL,2772
Pfungen,Kanton Zürich ZH,224
Pfyn,Kanton Thurgau TG,4841
Pierrafortscha,Kanton Freiburg FR,2216
Pieterlen,Kanton Bern BE,392
Plaffeien,Kanton Freiburg FR,2299
Plan-les-Ouates,Kanton Genf GE,6633
Plasselb,Kanton Freiburg FR,2300
Plateau de Diesse,Kanton Bern BE,726
Pleigne,Kanton Jura JU,6719
Pohlern,Kanton Bern BE,936
Poliez-Pittet,Kanton Waadt VD,5533
Pollegio,Kanton Tessin TI,5077
Pompaples,Kanton Waadt VD,5497
Pomy,Kanton Waadt VD,5926
Ponte Capriasca,Kanton Tessin TI,5212
Pont-en-Ogoz,Kanton Freiburg FR,2122
Ponthaux,Kanton Freiburg FR,2217
Pont-la-Ville,Kanton Freiburg FR,2147
Pontresina,Kanton Graubünden GR,3784
Porrentruy,Kanton Jura JU,6800
Port,Kanton Bern BE,745
Port-Valais,Kanton Wallis VS,6154
Porza,Kanton Tessin TI,5214
Poschiavo,Kanton Graubünden GR,3561
Prangins,Kanton Waadt VD,5725
Prato (Leventina),Kanton Tessin TI,5078
Pratteln,Kanton Basel-Landschaft BL,2831
Pregny-Chambésy,Kanton Genf GE,6634
Premier,Kanton Waadt VD,5759
Presinge,Kanton Genf GE,6635
Préverenges,Kanton Waadt VD,5643
Prévondavaux,Kanton Freiburg FR,2038
Prévonloup,Kanton Waadt VD,5683
Prez,Kanton Freiburg FR,2237
Prilly,Kanton Waadt VD,5589
Provence,Kanton Waadt VD,5566
Puidoux,Kanton Waadt VD,5607
Pully,Kanton Waadt VD,5590
Puplinge,Kanton Genf GE,6636
Pura,Kanton Tessin TI,5216
Quarten,Kanton St. Gallen SG,3295
Quinto,Kanton Tessin TI,5079
Radelfingen,Kanton Bern BE,309
Rafz,Kanton Zürich ZH,67
Rain,Kanton Luzern LU,1037
Ramlinsburg,Kanton Basel-Landschaft BL,2832
Ramsen,Kanton Schaffhausen SH,2963
Rances,Kanton Waadt VD,5760
Randa,Kanton Wallis VS,6287
Raperswilen,Kanton Thurgau TG,4846
Rapperswil (BE),Kanton Bern BE,310
Rapperswil-Jona,Kanton St. Gallen SG,3340
Raron,Kanton Wallis VS,6199
Rebévelier,Kanton Bern BE,715
Realp,Kanton Uri UR,1212
Rebstein,Kanton St. Gallen SG,3255
Recherswil,Kanton Solothurn SO,2530
Rechthalten,Kanton Freiburg FR,2301
Reconvilier,Kanton Bern BE,703
Regensberg,Kanton Zürich ZH,95
Regensdorf,Kanton Zürich ZH,96
Rehetobel,Kanton Appenzell Ausserrhoden AR,3034
Reichenbach im Kandertal,Kanton Bern BE,567
Reichenburg,Kanton Schwyz SZ,1345
Reiden,Kanton Luzern LU,1140
Reigoldswil,Kanton Basel-Landschaft BL,2893
Reinach (AG),Kanton Aargau AG,4141
Reinach (BL),Kanton Basel-Landschaft BL,2773
Reisiswil,Kanton Bern BE,336
Reitnau,Kanton Aargau AG,4281
Remaufens,Kanton Freiburg FR,2333
Remetschwil,Kanton Aargau AG,4039
Remigen,Kanton Aargau AG,4110
Renan (BE),Kanton Bern BE,441
Renens (VD),Kanton Waadt VD,5591
Rennaz,Kanton Waadt VD,5412
Reute (AR),Kanton Appenzell Ausserrhoden AR,3035
Reutigen,Kanton Bern BE,767
Rhäzüns,Kanton Graubünden GR,3723
Rheinau,Kanton Zürich ZH,38
Rheineck,Kanton St. Gallen SG,3235
Rheinfelden,Kanton Aargau AG,4258
Rheinwald,Kanton Graubünden GR,3714
Riaz,Kanton Freiburg FR,2148
Richterswil,Kanton Zürich ZH,138
Rickenbach (BL),Kanton Basel-Landschaft BL,2857
Rickenbach (LU),Kanton Luzern LU,1097
Rickenbach (SO),Kanton Solothurn SO,2582
Rickenbach (TG),Kanton Thurgau TG,4751
Rickenbach (ZH),Kanton Zürich ZH,225
Riddes,Kanton Wallis VS,6139
Ried bei Kerzers,Kanton Freiburg FR,2276
Ried-Brig,Kanton Wallis VS,6008
Riederalp,Kanton Wallis VS,6181
Riedholz,Kanton Solothurn SO,2554
Riehen,Kanton Basel-Stadt BS,2703
Riemenstalden,Kanton Schwyz SZ,1369
Rifferswil,Kanton Zürich ZH,12
Riggisberg,Kanton Bern BE,879
Ringgenberg (BE),Kanton Bern BE,590
Riniken,Kanton Aargau AG,4111
Risch,Kanton Zug ZG,1707
Riva San Vitale,Kanton Tessin TI,5263
Rivaz,Kanton Waadt VD,5609
Riviera,Kanton Tessin TI,5287
Roche (VD),Kanton Waadt VD,5413
Rochefort,Kanton Neuenburg NE,6413
Roches (BE),Kanton Bern BE,704
Rodersdorf,Kanton Solothurn SO,2479
Roggenburg,Kanton Basel-Landschaft BL,2790
Roggliswil,Kanton Luzern LU,1142
Roggwil (BE),Kanton Bern BE,337
Roggwil (TG),Kanton Thurgau TG,4431
Rohrbach,Kanton Bern BE,338
Rohrbachgraben,Kanton Bern BE,339
Rolle,Kanton Waadt VD,5861
Romainmôtier-Envy,Kanton Waadt VD,5761
Romanel-sur-Lausanne,Kanton Waadt VD,5592
Romanel-sur-Morges,Kanton Waadt VD,5645
Romanshorn,Kanton Thurgau TG,4436
Römerswil,Kanton Luzern LU,1039
Romont (BE),Kanton Bern BE,442
Romont (FR),Kanton Freiburg FR,2096
Romoos,Kanton Luzern LU,1007
Ronco sopra Ascona,Kanton Tessin TI,5125
Rongellen,Kanton Graubünden GR,3711
Root,Kanton Luzern LU,1065
Ropraz,Kanton Waadt VD,5798
Rorbas,Kanton Zürich ZH,68
Rorschach,Kanton St. Gallen SG,3215
Rorschacherberg,Kanton St. Gallen SG,3216
Röschenz,Kanton Basel-Landschaft BL,2791
Rossa,Kanton Graubünden GR,3808
Rossemaison,Kanton Jura JU,6721
Rossenges,Kanton Waadt VD,5684
Rossinière,Kanton Waadt VD,5842
Röthenbach im Emmental,Kanton Bern BE,904
Rothenbrunnen,Kanton Graubünden GR,3637
Rothenburg,Kanton Luzern LU,1040
Rothenfluh,Kanton Basel-Landschaft BL,2858
Rothenthurm,Kanton Schwyz SZ,1370
Rothrist,Kanton Aargau AG,4282
Rottenschwil,Kanton Aargau AG,4238
Rougemont,Kanton Waadt VD,5843
Roveredo (GR),Kanton Graubünden GR,3834
Rovray,Kanton Waadt VD,5928
Rubigen,Kanton Bern BE,623
Rüderswil,Kanton Bern BE,905
Rüdlingen,Kanton Schaffhausen SH,2938
Rudolfstetten-Friedlisberg,Kanton Aargau AG,4075
Rüdtligen-Alchenflüh,Kanton Bern BE,420
Rue,Kanton Freiburg FR,2097
Rüeggisberg,Kanton Bern BE,880
Rüegsau,Kanton Bern BE,956
Rueyres,Kanton Waadt VD,5534
Rüfenach,Kanton Aargau AG,4112
Rumendingen,Kanton Bern BE,421
Rumisberg,Kanton Bern BE,987
Rümlang,Kanton Zürich ZH,97
Rümlingen,Kanton Basel-Landschaft BL,2859
Rünenberg,Kanton Basel-Landschaft BL,2860
Rupperswil,Kanton Aargau AG,4206
Rüschegg,Kanton Bern BE,853
Rüschlikon,Kanton Zürich ZH,139
Russikon,Kanton Zürich ZH,178
Russin,Kanton Genf GE,6637
Ruswil,Kanton Luzern LU,1098
Rüthi (SG),Kanton St. Gallen SG,3256
Rüti (ZH),Kanton Zürich ZH,118
Rüti bei Büren,Kanton Bern BE,393
Rüti bei Lyssach,Kanton Bern BE,422
Rütschelen,Kanton Bern BE,340
Rüttenen,Kanton Solothurn SO,2555
Saanen,Kanton Bern BE,843
Saas-Almagell,Kanton Wallis VS,6288
Saas-Balen,Kanton Wallis VS,6289
Saas-Fee,Kanton Wallis VS,6290
Saas-Grund,Kanton Wallis VS,6291
Sachseln,Kanton Obwalden OW,1406
Safenwil,Kanton Aargau AG,4283
Safiental,Kanton Graubünden GR,3672
Safnern,Kanton Bern BE,746
Sagogn,Kanton Graubünden GR,3581
Saicourt,Kanton Bern BE,706
Saignelégier,Kanton Jura JU,6757
Saillon,Kanton Wallis VS,6140
Saint-Aubin (FR),Kanton Freiburg FR,2041
Saint-Barthélemy (VD),Kanton Waadt VD,5535
Saint-Blaise,Kanton Neuenburg NE,6459
Saint-Brais,Kanton Jura JU,6758
Saint-Cergue,Kanton Waadt VD,5727
Sainte-Croix,Kanton Waadt VD,5568
Saint-George,Kanton Waadt VD,5434
Saint-Gingolph,Kanton Wallis VS,6155
Saint-Imier,Kanton Bern BE,443
Saint-Léonard,Kanton Wallis VS,6246
Saint-Livres,Kanton Waadt VD,5435
Saint-Martin (FR),Kanton Freiburg FR,2335
Saint-Martin (VS),Kanton Wallis VS,6087
Saint-Maurice,Kanton Wallis VS,6217
Saint-Oyens,Kanton Waadt VD,5436
Saint-Prex,Kanton Waadt VD,5646
Saint-Saphorin (Lavaux),Kanton Waadt VD,5610
Saint-Sulpice (VD),Kanton Waadt VD,5648
Salenstein,Kanton Thurgau TG,4851
Sâles,Kanton Freiburg FR,2152
Salgesch,Kanton Wallis VS,6113
Salmsach,Kanton Thurgau TG,4441
Salvan,Kanton Wallis VS,6218
Samedan,Kanton Graubünden GR,3786
Samnaun,Kanton Graubünden GR,3752
San Vittore,Kanton Graubünden GR,3835
Santa Maria in Calanca,Kanton Graubünden GR,3810
Sant’Antonino,Kanton Tessin TI,5017
Sargans,Kanton St. Gallen SG,3296
Sarmenstorf,Kanton Aargau AG,4076
Sarnen,Kanton Obwalden OW,1407
Satigny,Kanton Genf GE,6638
Sattel,Kanton Schwyz SZ,1371
Saubraz,Kanton Waadt VD,5437
Sauge,Kanton Bern BE,449
Saulcy,Kanton Jura JU,6722
Saules (BE),Kanton Bern BE,707
Savièse,Kanton Wallis VS,6265
Savigny,Kanton Waadt VD,5611
Savosa,Kanton Tessin TI,5221
Saxeten,Kanton Bern BE,591
Saxon,Kanton Wallis VS,6141
Schaffhausen,Kanton Schaffhausen SH,2939
Schafisheim,Kanton Aargau AG,4207
S-chanf,Kanton Graubünden GR,3788
Schangnau,Kanton Bern BE,906
Schänis,Kanton St. Gallen SG,3315
Scharans,Kanton Graubünden GR,3638
Schattdorf,Kanton Uri UR,1213
Schattenhalb,Kanton Bern BE,786
Schelten,Kanton Bern BE,708
Schenkon,Kanton Luzern LU,1099
Scheuren,Kanton Bern BE,747
Schiers,Kanton Graubünden GR,3962
Schinznach,Kanton Aargau AG,4125
Schlatt (TG),Kanton Thurgau TG,4546
Schlatt (ZH),Kanton Zürich ZH,226
Schlatt-Haslen,Kanton Appenzell Innerrhoden AI,3104
Schleinikon,Kanton Zürich ZH,98
Schleitheim,Kanton Schaffhausen SH,2952
Schlierbach,Kanton Luzern LU,1100
Schlieren,Kanton Zürich ZH,247
Schlossrued,Kanton Aargau AG,4142
Schluein,Kanton Graubünden GR,3582
Schmerikon,Kanton St. Gallen SG,3338
Schmiedrued,Kanton Aargau AG,4143
Schmitten (FR),Kanton Freiburg FR,2305
Schmitten (GR),Kanton Graubünden GR,3514
Schneisingen,Kanton Aargau AG,4318
Schnottwil,Kanton Solothurn SO,2461
Schöfflisdorf,Kanton Zürich ZH,99
Schöftland,Kanton Aargau AG,4144
Schönenbuch,Kanton Basel-Landschaft BL,2774
Schönengrund,Kanton Appenzell Ausserrhoden AR,3003
Schönenwerd,Kanton Solothurn SO,2583
Schongau,Kanton Luzern LU,1041
Schönholzerswilen,Kanton Thurgau TG,4756
Schötz,Kanton Luzern LU,1143
Schübelbach,Kanton Schwyz SZ,1346
Schupfart,Kanton Aargau AG,4259
Schüpfen,Kanton Bern BE,311
Schüpfheim,Kanton Luzern LU,1008
Schwaderloch,Kanton Aargau AG,4176
Schwadernau,Kanton Bern BE,748
Schwanden bei Brienz,Kanton Bern BE,592
Schwarzenberg,Kanton Luzern LU,1066
Schwarzenburg,Kanton Bern BE,855
Schwarzhäusern,Kanton Bern BE,341
Schwellbrunn,Kanton Appenzell Ausserrhoden AR,3004
Schwende-Rüte,Kanton Appenzell Innerrhoden AI,3112
Schwerzenbach,Kanton Zürich ZH,197
Schwyz,Kanton Schwyz SZ,1372
Scuol,Kanton Graubünden GR,3762
Seeberg,Kanton Bern BE,988
Seedorf (BE),Kanton Bern BE,312
Seedorf (UR),Kanton Uri UR,1214
Seegräben,Kanton Zürich ZH,119
Seehof,Kanton Bern BE,709
Seelisberg,Kanton Uri UR,1215
Seengen,Kanton Aargau AG,4208
Seewen,Kanton Solothurn SO,2480
Seewis im Prättigau,Kanton Graubünden GR,3972
Seftigen,Kanton Bern BE,883
Seltisberg,Kanton Basel-Landschaft BL,2833
Selzach,Kanton Solothurn SO,2556
Sembrancher,Kanton Wallis VS,6035
Sempach,Kanton Luzern LU,1102
Semsales,Kanton Freiburg FR,2336
Senarclens,Kanton Waadt VD,5499
Sennwald,Kanton St. Gallen SG,3274
Seon,Kanton Aargau AG,4209
Sergey,Kanton Waadt VD,5762
Serravalle,Kanton Tessin TI,5050
Servion,Kanton Waadt VD,5799
Seuzach,Kanton Zürich ZH,227
Sévaz,Kanton Freiburg FR,2043
Sevelen,Kanton St. Gallen SG,3275
Siblingen,Kanton Schaffhausen SH,2953
Sierre,Kanton Wallis VS,6248
Siglistorf,Kanton Aargau AG,4319
Signau,Kanton Bern BE,907
Signy-Avenex,Kanton Waadt VD,5728
Sigriswil,Kanton Bern BE,938
Silenen,Kanton Uri UR,1216
Sils im Domleschg,Kanton Graubünden GR,3640
Sils im Engadin/Segl,Kanton Graubünden GR,3789
Silvaplana,Kanton Graubünden GR,3790
Simplon,Kanton Wallis VS,6009
Sins,Kanton Aargau AG,4239
Sion,Kanton Wallis VS,6266
Sirnach,Kanton Thurgau TG,4761
Siselen,Kanton Bern BE,499
Sisikon,Kanton Uri UR,1217
Sissach,Kanton Basel-Landschaft BL,2861
Sisseln,Kanton Aargau AG,4177
Siviriez,Kanton Freiburg FR,2099
Soazza,Kanton Graubünden GR,3823
Solothurn,Kanton Solothurn SO,2601
Sommeri,Kanton Thurgau TG,4446
Sonceboz-Sombeval,Kanton Bern BE,444
Sonvilier,Kanton Bern BE,445
Soral,Kanton Genf GE,6639
Sorengo,Kanton Tessin TI,5225
Sorens,Kanton Freiburg FR,2153
Sorvilier,Kanton Bern BE,711
Soubey,Kanton Jura JU,6759
Soyhières,Kanton Jura JU,6724
Speicher,Kanton Appenzell Ausserrhoden AR,3023
Spiez,Kanton Bern BE,768
Spiringen,Kanton Uri UR,1218
Spreitenbach,Kanton Aargau AG,4040
St. Gallen,Kanton St. Gallen SG,3203
St. Margrethen,Kanton St. Gallen SG,3236
St. Moritz,Kanton Graubünden GR,3787
St. Niklaus,Kanton Wallis VS,6292
St. Silvester,Kanton Freiburg FR,2303
St. Stephan,Kanton Bern BE,793
St. Ursen,Kanton Freiburg FR,2304
Stabio,Kanton Tessin TI,5266
Stadel,Kanton Zürich ZH,100
Stäfa,Kanton Zürich ZH,158
Staffelbach,Kanton Aargau AG,4284
Stalden (VS),Kanton Wallis VS,6293
Staldenried,Kanton Wallis VS,6294
Stallikon,Kanton Zürich ZH,13
Stammheim,Kanton Zürich ZH,292
Stans,Kanton Nidwalden NW,1509
Stansstad,Kanton Nidwalden NW,1510
Starrkirch-Wil,Kanton Solothurn SO,2584
Staufen,Kanton Aargau AG,4210
Steckborn,Kanton Thurgau TG,4864
Steffisburg,Kanton Bern BE,939
Steg-Hohtenn,Kanton Wallis VS,6204
Stein (AG),Kanton Aargau AG,4260
Stein (AR),Kanton Appenzell Ausserrhoden AR,3005
Stein am Rhein,Kanton Schaffhausen SH,2964
Steinach,Kanton St. Gallen SG,3217
Steinen,Kanton Schwyz SZ,1373
Steinerberg,Kanton Schwyz SZ,1374
Steinhausen,Kanton Zug ZG,1708
Steinmaur,Kanton Zürich ZH,101
Stetten (AG),Kanton Aargau AG,4041
Stetten (SH),Kanton Schaffhausen SH,2919
Stettfurt,Kanton Thurgau TG,4606
Stettlen,Kanton Bern BE,358
Stocken-Höfen,Kanton Bern BE,770
Strengelbach,Kanton Aargau AG,4285
Studen (BE),Kanton Bern BE,749
Stüsslingen,Kanton Solothurn SO,2499
Subingen,Kanton Solothurn SO,2532
Suchy,Kanton Waadt VD,5929
Sufers,Kanton Graubünden GR,3695
Suhr,Kanton Aargau AG,4012
Sulgen,Kanton Thurgau TG,4506
Sullens,Kanton Waadt VD,5501
Sumiswald,Kanton Bern BE,957
Sumvitg,Kanton Graubünden GR,3985
Surpierre,Kanton Freiburg FR,2044
Sursee,Kanton Luzern LU,1103
Surses,Kanton Graubünden GR,3543
Suscévaz,Kanton Waadt VD,5930
Sutz-Lattrigen,Kanton Bern BE,750
Syens,Kanton Waadt VD,5688
Tafers,Kanton Freiburg FR,2306
Tägerig,Kanton Aargau AG,4077
Tägerwilen,Kanton Thurgau TG,4696
Tamins,Kanton Graubünden GR,3733
Tannay,Kanton Waadt VD,5729
Tartegnin,Kanton Waadt VD,5862
Täsch,Kanton Wallis VS,6295
Täuffelen,Kanton Bern BE,751
Tavannes,Kanton Bern BE,713
Tecknau,Kanton Basel-Landschaft BL,2862
Tegerfelden,Kanton Aargau AG,4320
Tenero-Contra,Kanton Tessin TI,5131
Tenniken,Kanton Basel-Landschaft BL,2863
Tentlingen,Kanton Freiburg FR,2307
Termen,Kanton Wallis VS,6010
Terre di Pedemonte,Kanton Tessin TI,5396
Teufen (AR),Kanton Appenzell Ausserrhoden AR,3024
Teufenthal (AG),Kanton Aargau AG,4145
Teuffenthal (BE),Kanton Bern BE,940
Tévenon,Kanton Waadt VD,5571
Thal,Kanton St. Gallen SG,3237
Thalheim (AG),Kanton Aargau AG,4117
Thalheim an der Thur,Kanton Zürich ZH,39
Thalwil,Kanton Zürich ZH,141
Thayngen,Kanton Schaffhausen SH,2920
Therwil,Kanton Basel-Landschaft BL,2775
Thierachern,Kanton Bern BE,941
Thônex,Kanton Genf GE,6640
Thörigen,Kanton Bern BE,989
Thun,Kanton Bern BE,942
Thundorf,Kanton Thurgau TG,4611
Thunstetten,Kanton Bern BE,342
Thurnen,Kanton Bern BE,889
Thürnen,Kanton Basel-Landschaft BL,2864
Thusis,Kanton Graubünden GR,3668
Titterten,Kanton Basel-Landschaft BL,2894
Tobel-Tägerschen,Kanton Thurgau TG,4776
Toffen,Kanton Bern BE,884
Tolochenaz,Kanton Waadt VD,5649
Törbel,Kanton Wallis VS,6296
Torny,Kanton Freiburg FR,2115
Torricella-Taverne,Kanton Tessin TI,5227
Trachselwald,Kanton Bern BE,958
Tramelan,Kanton Bern BE,446
Trasadingen,Kanton Schaffhausen SH,2973
Treiten,Kanton Bern BE,500
Trélex,Kanton Waadt VD,5730
Tresa,Kanton Tessin TI,5239
Trey,Kanton Waadt VD,5827
Treycovagnes,Kanton Waadt VD,5931
Treytorrens (Payerne),Kanton Waadt VD,5828
Treyvaux,Kanton Freiburg FR,2226
Triengen,Kanton Luzern LU,1104
Trient,Kanton Wallis VS,6142
Trimbach,Kanton Solothurn SO,2500
Trimmis,Kanton Graubünden GR,3945
Trin,Kanton Graubünden GR,3734
Trogen,Kanton Appenzell Ausserrhoden AR,3025
Troinex,Kanton Genf GE,6641
Troistorrents,Kanton Wallis VS,6156
Trub,Kanton Bern BE,908
Trubschachen,Kanton Bern BE,909
Trüllikon,Kanton Zürich ZH,40
Trun,Kanton Graubünden GR,3987
Truttikon,Kanton Zürich ZH,41
Tschappina,Kanton Graubünden GR,3669
Tschiertschen-Praden,Kanton Graubünden GR,3932
Tschugg,Kanton Bern BE,501
Tübach,Kanton St. Gallen SG,3218
Tuggen,Kanton Schwyz SZ,1347
Tujetsch,Kanton Graubünden GR,3986
Turbenthal,Kanton Zürich ZH,228
Turgi,Kanton Aargau AG,4042
Turtmann-Unterems,Kanton Wallis VS,6119
Twann-Tüscherz,Kanton Bern BE,756
Udligenswil,Kanton Luzern LU,1067
Ueberstorf,Kanton Freiburg FR,2308
Uebeschi,Kanton Bern BE,943
Uerkheim,Kanton Aargau AG,4286
Uesslingen-Buch,Kanton Thurgau TG,4616
Uetendorf,Kanton Bern BE,944
Uetikon am See,Kanton Zürich ZH,159
Uezwil,Kanton Aargau AG,4078
Ufhusen,Kanton Luzern LU,1145
Uitikon,Kanton Zürich ZH,248
Ulmiz,Kanton Freiburg FR,2278
Unterägeri,Kanton Zug ZG,1709
Unterbäch,Kanton Wallis VS,6201
Untereggen,Kanton St. Gallen SG,3219
Unterengstringen,Kanton Zürich ZH,249
Unterentfelden,Kanton Aargau AG,4013
Unteriberg,Kanton Schwyz SZ,1375
Unterkulm,Kanton Aargau AG,4146
Unterlangenegg,Kanton Bern BE,945
Unterlunkhofen,Kanton Aargau AG,4079
Unterramsern,Kanton Solothurn SO,2463
Unterschächen,Kanton Uri UR,1219
Unterseen,Kanton Bern BE,593
Untersiggenthal,Kanton Aargau AG,4044
Untervaz,Kanton Graubünden GR,3946
Urdorf,Kanton Zürich ZH,250
Urmein,Kanton Graubünden GR,3670
Urnäsch,Kanton Appenzell Ausserrhoden AR,3006
Ursenbach,Kanton Bern BE,344
Ursins,Kanton Waadt VD,5932
Ursy,Kanton Freiburg FR,2102
Urtenen-Schönbühl,Kanton Bern BE,551
Uster,Kanton Zürich ZH,198
Uttigen,Kanton Bern BE,885
Uttwil,Kanton Thurgau TG,4451
Utzenstorf,Kanton Bern BE,552
Uznach,Kanton St. Gallen SG,3339
Uzwil,Kanton St. Gallen SG,3408
Vacallo,Kanton Tessin TI,5268
Val Mara,Kanton Tessin TI,5240
Val Müstair,Kanton Graubünden GR,3847
Val Terbi,Kanton Jura JU,6730
Valbirse,Kanton Bern BE,717
Valbroye,Kanton Waadt VD,5831
Val de Bagnes,Kanton Wallis VS,6037
Val-de-Charmey,Kanton Freiburg FR,2163
Val-de-Ruz,Kanton Neuenburg NE,6487
Val-de-Travers,Kanton Neuenburg NE,6512
Val-d’Illiez,Kanton Wallis VS,6157
Valeyres-sous-Montagny,Kanton Waadt VD,5933
Valeyres-sous-Rances,Kanton Waadt VD,5763
Valeyres-sous-Ursins,Kanton Waadt VD,5934
Vallon,Kanton Freiburg FR,2045
Vallorbe,Kanton Waadt VD,5764
Vals,Kanton Graubünden GR,3603
Valsot,Kanton Graubünden GR,3764
Vandoeuvres,Kanton Genf GE,6642
Varen,Kanton Wallis VS,6116
Vaulion,Kanton Waadt VD,5765
Vaulruz,Kanton Freiburg FR,2155
Vaux-sur-Morges,Kanton Waadt VD,5650
Vaz/Obervaz,Kanton Graubünden GR,3506
Vechigen,Kanton Bern BE,359
Veltheim (AG),Kanton Aargau AG,4120
Vendlincourt,Kanton Jura JU,6806
Vernate,Kanton Tessin TI,5230
Vernayaz,Kanton Wallis VS,6219
Vernier,Kanton Genf GE,6643
Vérossaz,Kanton Wallis VS,6220
Versoix,Kanton Genf GE,6644
Verzasca,Kanton Tessin TI,5399
Vétroz,Kanton Wallis VS,6025
Vevey,Kanton Waadt VD,5890
Vex,Kanton Wallis VS,6089
Veyrier,Kanton Genf GE,6645
Veysonnaz,Kanton Wallis VS,6267
Veytaux,Kanton Waadt VD,5891
Vezia,Kanton Tessin TI,5231
Vich,Kanton Waadt VD,5732
Vico Morcote,Kanton Tessin TI,5233
Villarsel-sur-Marly,Kanton Freiburg FR,2230
Villars-Epeney,Kanton Waadt VD,5935
Villars-le-Comte,Kanton Waadt VD,5690
Villars-le-Terroir,Kanton Waadt VD,5537
Villars-Sainte-Croix,Kanton Waadt VD,5651
Villars-sous-Yens,Kanton Waadt VD,5652
Villars-sur-Glâne,Kanton Freiburg FR,2228
Villarzel,Kanton Waadt VD,5830
Villaz,Kanton Freiburg FR,2117
Villeneuve (VD),Kanton Waadt VD,5414
Villeret,Kanton Bern BE,448
Villigen,Kanton Aargau AG,4121
Villmergen,Kanton Aargau AG,4080
Villnachern,Kanton Aargau AG,4122
Villorsonnens,Kanton Freiburg FR,2114
Vilters-Wangs,Kanton St. Gallen SG,3297
Vinelz,Kanton Bern BE,502
Vinzel,Kanton Waadt VD,5863
Vionnaz,Kanton Wallis VS,6158
Visp,Kanton Wallis VS,6297
Visperterminen,Kanton Wallis VS,6298
Vitznau,Kanton Luzern LU,1068
Volken,Kanton Zürich ZH,43
Volketswil,Kanton Zürich ZH,199
Vordemwald,Kanton Aargau AG,4287
Vorderthal,Kanton Schwyz SZ,1348
Vouvry,Kanton Wallis VS,6159
Vuadens,Kanton Freiburg FR,2160
Vuarrens,Kanton Waadt VD,5539
Vucherens,Kanton Waadt VD,5692
Vufflens-la-Ville,Kanton Waadt VD,5503
Vufflens-le-Château,Kanton Waadt VD,5653
Vugelles-La Mothe,Kanton Waadt VD,5937
Vuisternens-devant-Romont,Kanton Freiburg FR,2113
Vuiteboeuf,Kanton Waadt VD,5766
Vulliens,Kanton Waadt VD,5803
Vullierens,Kanton Waadt VD,5654
Vully-les-Lacs,Kanton Waadt VD,5464
Wachseldorn,Kanton Bern BE,946
Wädenswil,Kanton Zürich ZH,293
Wagenhausen,Kanton Thurgau TG,4871
Wahlen,Kanton Basel-Landschaft BL,2792
Walchwil,Kanton Zug ZG,1710
Wald (AR),Kanton Appenzell Ausserrhoden AR,3036
Wald (BE),Kanton Bern BE,888
Wald (ZH),Kanton Zürich ZH,120
Waldenburg,Kanton Basel-Landschaft BL,2895
Wäldi,Kanton Thurgau TG,4701
Waldkirch,Kanton St. Gallen SG,3444
Waldstatt,Kanton Appenzell Ausserrhoden AR,3007
Walenstadt,Kanton St. Gallen SG,3298
Walkringen,Kanton Bern BE,626
Wallbach,Kanton Aargau AG,4261
Wallisellen,Kanton Zürich ZH,69
Walliswil bei Niederbipp,Kanton Bern BE,990
Walliswil bei Wangen,Kanton Bern BE,991
Walperswil,Kanton Bern BE,754
Waltenschwil,Kanton Aargau AG,4240
Walterswil (BE),Kanton Bern BE,959
Walterswil (SO),Kanton Solothurn SO,2585
Walzenhausen,Kanton Appenzell Ausserrhoden AR,3037
Wangen (SZ),Kanton Schwyz SZ,1349
Wangen an der Aare,Kanton Bern BE,992
Wangen bei Olten,Kanton Solothurn SO,2586
Wangen-Brüttisellen,Kanton Zürich ZH,200
Wangenried,Kanton Bern BE,993
Wängi,Kanton Thurgau TG,4781
Wartau,Kanton St. Gallen SG,3276
Warth-Weiningen,Kanton Thurgau TG,4621
Wassen,Kanton Uri UR,1220
Wasterkingen,Kanton Zürich ZH,70
Wattenwil,Kanton Bern BE,886
Wattwil,Kanton St. Gallen SG,3379
Wauwil,Kanton Luzern LU,1146
Weesen,Kanton St. Gallen SG,3316
Wegenstetten,Kanton Aargau AG,4262
Weggis,Kanton Luzern LU,1069
Weiach,Kanton Zürich ZH,102
Weinfelden,Kanton Thurgau TG,4946
Weiningen (ZH),Kanton Zürich ZH,251
Weisslingen,Kanton Zürich ZH,180
Welschenrohr-Gänsbrunnen,Kanton Solothurn SO,2430
Wengi,Kanton Bern BE,394
Wenslingen,Kanton Basel-Landschaft BL,2865
Werthenstein,Kanton Luzern LU,1009
Wettingen,Kanton Aargau AG,4045
Wettswil am Albis,Kanton Zürich ZH,14
Wetzikon (ZH),Kanton Zürich ZH,121
Wichtrach,Kanton Bern BE,632
Widen,Kanton Aargau AG,4081
Widnau,Kanton St. Gallen SG,3238
Wiedlisbach,Kanton Bern BE,995
Wiesendangen,Kanton Zürich ZH,298
Wiggiswil,Kanton Bern BE,553
Wigoltingen,Kanton Thurgau TG,4951
Wikon,Kanton Luzern LU,1147
Wil (SG),Kanton St. Gallen SG,3427
Wil (ZH),Kanton Zürich ZH,71
Wila,Kanton Zürich ZH,181
Wilchingen,Kanton Schaffhausen SH,2974
Wildberg,Kanton Zürich ZH,182
Wilderswil,Kanton Bern BE,594
Wildhaus-Alt St. Johann,Kanton St. Gallen SG,3359
Wilen (TG),Kanton Thurgau TG,4786
Wiler (Lötschen),Kanton Wallis VS,6202
Wiler bei Utzenstorf,Kanton Bern BE,554
Wileroltigen,Kanton Bern BE,671
Wiliberg,Kanton Aargau AG,4288
Willadingen,Kanton Bern BE,423
Willisau,Kanton Luzern LU,1151
Wimmis,Kanton Bern BE,769
Windisch,Kanton Aargau AG,4123
Winkel,Kanton Zürich ZH,72
Wintersingen,Kanton Basel-Landschaft BL,2866
Winterthur,Kanton Zürich ZH,230
Winznau,Kanton Solothurn SO,2501
Wisen (SO),Kanton Solothurn SO,2502
Wittenbach,Kanton St. Gallen SG,3204
Witterswil,Kanton Solothurn SO,2481
Wittinsburg,Kanton Basel-Landschaft BL,2867
Wittnau,Kanton Aargau AG,4181
Wohlen,Kanton Aargau AG,4082
Wohlen bei Bern,Kanton Bern BE,360
Wohlenschwil,Kanton Aargau AG,4046
Wolfenschiessen,Kanton Nidwalden NW,1511
Wolfhalden,Kanton Appenzell Ausserrhoden AR,3038
Wölflinswil,Kanton Aargau AG,4182
Wolfwil,Kanton Solothurn SO,2408
Wolhusen,Kanton Luzern LU,1107
Wollerau,Kanton Schwyz SZ,1323
Worb,Kanton Bern BE,627
Worben,Kanton Bern BE,755
Wünnewil-Flamatt,Kanton Freiburg FR,2309
Wuppenau,Kanton Thurgau TG,4791
Würenlingen,Kanton Aargau AG,4047
Würenlos,Kanton Aargau AG,4048
Wynau,Kanton Bern BE,345
Wynigen,Kanton Bern BE,424
Wyssachen,Kanton Bern BE,960
Yens,Kanton Waadt VD,5655
Yverdon-les-Bains,Kanton Waadt VD,5938
Yvonand,Kanton Waadt VD,5939
Yvorne,Kanton Waadt VD,5415
Zäziwil,Kanton Bern BE,628
Zeglingen,Kanton Basel-Landschaft BL,2868
Zeihen,Kanton Aargau AG,4183
Zeiningen,Kanton Aargau AG,4263
Zell (LU),Kanton Luzern LU,1150
Zell (ZH),Kanton Zürich ZH,231
Zeneggen,Kanton Wallis VS,6299
Zermatt,Kanton Wallis VS,6300
Zernez,Kanton Graubünden GR,3746
Zetzwil,Kanton Aargau AG,4147
Ziefen,Kanton Basel-Landschaft BL,2834
Zielebach,Kanton Bern BE,556
Zihlschlacht-Sitterdorf,Kanton Thurgau TG,4511
Zillis-Reischen,Kanton Graubünden GR,3712
Zizers,Kanton Graubünden GR,3947
Zofingen,Kanton Aargau AG,4289
Zollikofen,Kanton Bern BE,361
Zollikon,Kanton Zürich ZH,161
Zuchwil,Kanton Solothurn SO,2534
Zufikon,Kanton Aargau AG,4083
Zug,Kanton Zug ZG,1711
Zullwil,Kanton Solothurn SO,2622
Zumikon,Kanton Zürich ZH,160
Zunzgen,Kanton Basel-Landschaft BL,2869
Zuoz,Kanton Graubünden GR,3791
Zürich,Kanton Zürich ZH,261
Zurzach,Kanton Aargau AG,4324
Zuzgen,Kanton Aargau AG,4264
Zuzwil (BE),Kanton Bern BE,557
Zuzwil (SG),Kanton St. Gallen SG,3426
Zweisimmen,Kanton Bern BE,794
Zwieselberg,Kanton Bern BE,947
Zwingen,Kanton Basel-Landschaft BL,2793
Zwischbergen,Kanton Wallis VS,6011
